ts,o,h,l,c,vol,volCcy,volCcyQuote,confirm,ma5,ma20
2023-03-05,22434,22599.0,22250.0,22550.5,6460415,64604.15,1448268050.8,1,0.0,0.0
2023-03-06,22550.6,22580.0,21927.0,22320.2,11145746,111457.46,2487301064.838,1,0.0,0.0
2023-03-07,22320.2,22395.3,21833.0,22140.0,14661564,146615.64,3238314423.845,1,0.0,0.0
2023-03-08,22140,22218.0,21530.0,21641.9,13326430,133264.3,2901330284.123,1,0.0,0.0
2023-03-09,21641.8,21676.0,19525.0,20008.2,42348461,423484.61,8591638178.648,1,21732.16,0.0
2023-03-10,20004.3,20686.5,19766.4,20066.3,20350175,203501.75,4105516532.309,1,21235.32,0.0
2023-03-11,20066.2,20530.0,19990.7,20358.3,9472183,94721.83,1926289917.914,1,20842.94,0.0
2023-03-12,20358.4,24537.3,20345.4,24015.6,44678437,446784.37,9979252091.662,1,21218.06,0.0
2023-03-13,24017.1,26489.7,23771.4,25915.9,35135653,351356.53,8744746057.278,1,22072.86,0.0
2023-03-14,25911,26010.0,23953.4,24460.5,34085749,340857.49,8446214264.646,1,22963.32,0.0
2023-03-15,24466.1,25072.3,23850.0,24880.8,22345973,223459.73,5476033711.202,1,23926.22,0.0
2023-03-16,24879.6,26975.0,24613.0,26417.9,31784469,317844.69,8245290828.531,1,25138.14,0.0
2023-03-17,26417.1,27778.3,26242.8,27227.8,22088784,220887.84,6010807136.768,1,25780.58,0.0
2023-03-18,27229,27760.0,26560.0,27543.5,18400652,184006.52,4998591054.811,1,26106.1,0.0
2023-03-19,27536.1,28498.0,27132.7,27700.0,29467504,294675.04,8229534022.642,1,26754.0,0.0
2023-03-20,27699.9,28254.8,27300.0,28045.9,18513402,185134.02,5152572169.652,1,27387.02,0.0
2023-03-21,28046,28753.3,27900.8,28592.5,15559830,155598.3,4398429747.46,1,27821.94,0.0
2023-03-22,28593.1,28910.1,26602.6,28583.5,33037261,330372.61,9173753787.402,1,28093.08,0.0
2023-03-23,28583.6,28641.0,27256.1,28009.7,21251787,212517.87,5967484421.319,1,28186.32,0.0
2023-03-24,28009.7,28050.6,26960.3,27643.2,10495100,104951,2890466205.252,1,28174.96,24906.11
2023-03-25,27644.8,28221.7,27150.1,27801.0,10723566,107235.66,2968466827.142,1,28125.98,25168.64
2023-03-26,27801,28152.9,26501.0,26903.2,15560951,155609.51,4278685252.685,1,27788.12,25397.78
2023-03-27,26903.5,27314.6,26620.5,26998.4,14933745,149337.45,4032234812.521,1,27471.1,25640.7
2023-03-28,26998.3,28650.0,26742.9,28445.2,19541875,195418.75,5447241038.451,1,27558.2,25980.87
2023-03-29,28445.1,29189.8,28076.0,28299.9,18756677,187566.77,5353735737.127,1,27689.54,26395.46
2023-03-30,28299.8,28682.8,27500.0,28494.9,19865752,198657.52,5579378885.127,1,27828.32,26816.88
2023-03-31,28497,28845.2,28211.1,28404.2,8466050,84660.5,2410526604.602,1,28128.52,27219.18
2023-04-01,28404.1,28588.0,28033.8,28129.4,6700475,67004.75,1898820064.181,1,28354.72,27424.87
2023-04-02,28129.4,28583.2,27555.0,28050.9,17744564,177445.64,4981019840.981,1,28275.86,27531.62
2023-04-03,28050.9,28448.0,27192.6,28024.3,17159527,171595.27,4801139043.068,1,28220.74,27709.81
2023-04-04,28025.1,28796.9,27858.3,28030.7,15424925,154249.25,4376882484.301,1,28127.9,27867.31
2023-04-05,28029.5,28319.2,27688.0,28098.7,12000822,120008.22,3359262066.639,1,28066.8,27951.34
2023-04-06,28098.8,28166.0,27768.0,27941.8,7012359,70123.59,1959796802.319,1,28029.28,27987.04
2023-04-07,27942,28160.0,27843.0,28027.4,4333486,43334.86,1213561007.584,1,28024.58,28011.24
2023-04-08,28027.3,28093.8,27783.8,27891.4,5387992,53879.92,1505155968.822,1,27998.0,28020.81
2023-04-09,27891.4,28580.3,27874.3,28436.9,9645053,96450.53,2728782232.351,1,28079.24,28040.36
2023-04-10,28437,30478.5,28371.3,30195.8,27173625,271736.25,8063382667.954,1,28498.66,28120.52
2023-04-11,30195.8,30587.4,29640.0,29960.7,20412017,204120.17,6144919400.965,1,28902.44,28189.38
2023-04-12,29960.7,30599.8,29765.0,30432.6,13884602,138846.02,4187644851.788,1,29383.48,28310.53
2023-04-13,30432.5,31068.2,30091.5,30232.8,17274193,172741.93,5286753627.467,1,29851.76,28440.01
2023-04-14,30232.7,30608.7,29969.0,30331.9,7087941,70879.41,2149624925.638,1,30230.76,28566.56
2023-04-15,30331.9,30400.7,30120.0,30334.5,4459210,44592.1,1350419507.826,1,30258.5,28738.12
2023-04-16,30334.5,30574.5,29232.0,29364.6,13788848,137888.48,4112698961.311,1,30139.28,28856.43
2023-04-17,29364.5,30498.9,29091.5,30185.0,14693945,146939.45,4388455257.148,1,30089.76,28943.42
2023-04-18,30185,30473.4,28917.6,29264.5,18859784,188597.84,5589576688.479,1,29896.1,28991.65
2023-04-19,29264.6,29369.9,28317.0,28510.6,17564476,175644.76,5066957559.358,1,29531.84,28992.44
2023-04-20,28510.6,28665.2,27809.9,28044.1,16769266,167692.66,4727123274.153,1,29073.76,28974.43
2023-04-21,28044.2,28097.9,27110.0,27484.8,12803554,128035.54,3514261831.721,1,28697.8,28942.2
2023-04-22,27484.9,27889.0,27305.0,27473.9,9615709,96157.09,2655615988.648,1,28155.58,28913.35
2023-04-23,27473.9,27999.0,27152.0,27264.7,15110071,151100.71,4159584746.386,1,27755.62,28875.37
2023-04-24,27264.7,27598.4,26910.0,27340.1,11294445,112944.45,3087291420.454,1,27521.52,28840.84
2023-04-25,27340,30084.7,27315.8,29817.7,27916713,279167.13,8031419079.524,1,27876.24,28926.79
2023-04-26,29816.1,29911.0,27199.9,29149.5,36701446,367014.46,10537600980.723,1,28209.18,28987.18
2023-04-27,29149.5,29909.0,28880.0,29150.1,18946364,189463.64,5562961357.397,1,28544.42,29043.31
2023-04-28,29150,29451.4,29102.9,29270.0,8819732,88197.32,2584525504.059,1,28945.48,29112.24
2023-04-29,29270.1,29972.1,29014.1,29653.7,8730148,87301.48,2570032995.56,1,29408.2,29173.08
2023-04-30,29653.8,29868.8,28069.3,28172.2,18878967,188789.67,5443593876.216,1,29079.1,29071.9
2023-05-01,28172.2,28777.7,27666.0,28539.9,17090985,170909.85,4814091094.213,1,28957.18,29000.86
2023-05-02,28537,28886.0,28101.1,28314.0,12648587,126485.87,3607287273.59,1,28789.96,28894.93
2023-05-03,28314,29393.8,28200.1,28871.4,19143259,191432.59,5520403415.436,1,28710.24,28826.86
2023-05-04,28871.4,29557.5,28669.5,29358.1,15164821,151648.21,4414580225.7,1,28651.12,28778.17
2023-05-05,29358.1,29845.7,28333.0,28572.2,15190061,151900.61,4438487295.96,1,28731.12,28690.06
2023-05-06,28572.1,29149.0,28539.4,28945.5,8533271,85332.71,2463766083.023,1,28812.24,28669.1
2023-05-07,28945.5,29034.7,27553.1,27890.3,16528655,165286.55,4660939783.905,1,28727.5,28554.36
2023-05-08,27890.3,27933.8,27260.5,27401.5,13203032,132030.32,3640067124.108,1,28433.52,28461.22
2023-05-09,27401.5,28315.5,27350.0,28153.8,13630337,136303.37,3796399271.473,1,28192.66,28443.38
2023-05-10,28153.8,28300.0,26710.1,27179.3,22900489,229004.89,6278319288.399,1,27914.08,28400.14
2023-05-11,27179.3,27218.0,26115.3,26316.0,16897774,168977.74,4496067602.24,1,27388.18,28341.7
2023-05-12,26316.1,26980.0,25797.1,26822.0,12193839,121938.39,3235614572.489,1,27174.52,28309.1
2023-05-13,26822,27200.0,26552.6,27082.3,7171109,71711.09,1927327937.772,1,27110.68,28299.98
2023-05-14,27082.4,27544.9,26721.0,27399.7,11597585,115975.85,3155496365.683,1,26959.86,28302.96
2023-05-15,27399.7,27666.0,26850.0,27043.8,14038977,140389.77,3814096365.474,1,26932.76,28164.26
2023-05-16,27043.7,27248.7,26522.0,26796.0,11365941,113659.41,3054165731.519,1,27028.76,28046.59
2023-05-17,26796,27550.0,26746.7,27092.5,14095125,140951.25,3840503439.828,1,27082.86,27943.71
2023-05-18,27092.1,27191.5,26355.5,26884.8,15356433,153564.33,4119331544.314,1,27043.36,27824.45
2023-05-19,26884.9,26977.1,26772.0,26939.9,2953044,29530.44,793942472.899,1,26951.4,27688.76
2023-05-20,26939.9,27299.6,26767.9,26901.6,7167838,71678.38,1936533742.497,1,26922.96,27625.23
2023-05-21,26901.5,27121.0,26527.3,26873.3,11030929,110309.29,2958699647.437,1,26938.42,27541.9
2023-05-22,26872.4,27500.0,26779.0,27321.9,10694127,106941.27,2910353093.94,1,26984.3,27492.3
2023-05-23,27322,27332.8,26070.2,26315.4,15696676,156966.76,4185619589.122,1,26870.42,27364.5
2023-05-24,26315.3,26512.6,25860.4,26229.9,12267538,122675.38,3220986215.432,1,26728.42,27208.08
2023-05-25,26230,26945.0,26211.9,26755.8,9959798,99597.98,2643298874.091,1,26699.26,27117.27
2023-05-26,26755.8,26840.0,26545.5,26692.4,4644977,46449.77,1240583732.444,1,26663.08,27004.61
2023-05-27,26692.3,27376.2,26622.0,27271.9,8472590,84725.9,2295146140.296,1,26653.08,26973.69
2023-05-28,27272,28456.0,27207.3,27639.5,17402106,174021.06,4851313519.805,1,26917.9,26985.59
2023-05-29,27639.5,28049.6,27525.0,27679.6,10445519,104455.19,2901518910.822,1,27207.84,26961.88
2023-05-30,27679.6,27871.3,26811.0,26910.1,14668876,146688.76,3997561844.227,1,27238.7,26948.42
2023-05-31,26910,27357.2,26608.3,26902.7,11232806,112328.06,3026052900.378,1,27280.76,26977.75
2023-06-01,26902.6,27277.7,26480.5,27098.9,14994104,149941.04,4042028332.738,1,27246.16,26991.6
2023-06-02,27098.9,27350.0,27003.2,27299.7,5167186,51671.86,1404158905.484,1,27178.2,27002.47
2023-06-03,27298,27319.7,26913.4,27176.1,5896127,58961.27,1600334257.127,1,27077.5,26991.29
2023-06-04,27176.1,27478.8,25961.4,25972.0,16228649,162286.49,4342964913.471,1,26889.88,26937.7
2023-06-05,25972.1,26163.0,25343.7,26065.6,22968107,229681.07,5909117938.513,1,26722.46,26901.18
2023-06-06,26065.6,27402.1,26064.1,26348.1,30845596,308455.96,8245188116.421,1,26572.3,26863.96
2023-06-07,26348,26860.0,26118.2,26726.6,13494446,134944.46,3566933091.134,1,26457.68,26856.05
2023-06-08,26726.2,26788.0,26279.0,26478.0,9573657,95736.57,2541360860.947,1,26318.06,26832.96
2023-06-09,26477.9,26541.6,25450.5,25633.9,15626983,156269.83,4045636758.252,1,26250.44,26769.57
2023-06-10,25634,26158.0,25344.6,25754.4,12361424,123614.24,3184476889.429,1,26188.2,26713.62
2023-06-11,25754.5,26208.4,25605.0,25822.6,12792422,127924.22,3314256496.79,1,26083.1,26638.66
2023-06-12,25822.5,26440.0,25650.0,25760.9,16672005,166720.05,4341547921.647,1,25889.96,26610.94
2023-06-13,25760.8,26088.2,25739.4,25988.0,6546510,65465.1,1698082242.853,1,25791.96,26598.84
2023-06-14,25988,26108.6,24781.3,24962.7,18920448,189204.48,4772529963.905,1,25657.72,26509.18
2023-06-15,24962.7,25910.0,24933.4,25837.1,16160244,161602.44,4119034475.786,1,25674.26,26466.42
2023-06-16,25838.1,26888.8,25770.0,26417.9,16434452,164344.52,4332134284.015,1,25793.32,26423.72
2023-06-17,26418,26680.0,26366.0,26559.9,5956549,59565.49,1580003096.066,1,25953.12,26369.74
2023-06-18,26559.9,26720.1,26250.0,26442.8,8572595,85725.95,2267886915.889,1,26044.08,26307.9
2023-06-19,26442.9,27180.0,26303.0,27068.5,19395451,193954.51,5198717542.887,1,26465.24,26315.82
2023-06-20,27068.6,30045.5,26987.6,29854.7,41085360,410853.6,11732098631.764,1,27268.76,26463.42
2023-06-21,29857.8,30836.5,29525.4,29853.3,28640964,286409.64,8629987800.637,1,27955.84,26601.14
2023-06-22,29852.2,31471.9,29794.0,31238.0,17785500,177855,5402267999.053,1,28891.46,26798.06
2023-06-23,31236.4,31435.5,30300.0,30404.7,16545476,165454.76,5097922651.871,1,29683.84,26959.48
2023-06-24,30404.7,31049.0,30240.6,30585.3,10967267,109672.67,3363820623.704,1,30387.2,27190.15
2023-06-25,30585.1,30668.9,29956.9,30414.0,14048734,140487.34,4265376299.863,1,30499.06,27407.57
2023-06-26,30414,31000.0,29902.2,30495.6,16270035,162700.35,4954928361.691,1,30627.52,27614.94
2023-06-27,30495.5,30766.8,30003.6,30410.0,13764658,137646.58,4183649234.544,1,30461.92,27799.12
2023-06-28,30410.1,30847.5,29833.2,30479.1,14055879,140558.79,4267427052.088,1,30476.8,27999.17
2023-06-29,30479.6,31309.9,29431.5,30066.5,26920293,269202.93,8210224190.18,1,30373.04,28220.8
2023-06-30,30066.4,30737.6,29930.0,30579.2,9881794,98817.94,3008471373.698,1,30406.08,28462.04
2023-07-01,30579.3,30662.2,30152.3,30498.1,5137373,51373.73,1566562858.408,1,30406.58,28695.82
2023-07-02,30498,31176.7,30366.1,31065.6,10976186,109761.86,3372087947.135,1,30537.7,28961.05
2023-07-03,31065.5,31396.3,30822.3,30971.8,11895458,118954.58,3697870557.178,1,30636.24,29210.24
2023-07-04,30971.8,31136.4,30200.0,30365.5,12534832,125348.32,3838972339.65,1,30696.04,29480.38
2023-07-05,30365.4,31557.3,29880.0,30397.8,22818450,228184.5,7007830626.613,1,30659.76,29708.41
2023-07-06,30397.9,30459.6,29700.4,30387.9,14037519,140375.19,4231925330.231,1,30637.72,29906.92
2023-07-07,30388,30459.0,30107.7,30212.4,4255673,42556.73,1287593047.607,1,30467.08,30089.54
2023-07-08,30212.4,30460.0,30038.4,30345.4,5052076,50520.76,1529602363.653,1,30341.8,30284.67
2023-07-09,30345.4,30370.0,29950.0,30310.8,8438400,84384,2545991801.017,1,30330.86,30446.78
2023-07-10,30310.8,31058.8,30183.9,30594.3,14360822,143608.22,4384647882.363,1,30370.16,30483.77
2023-07-11,30594.3,30983.8,30408.9,30523.6,12390571,123905.71,3800957884.164,1,30397.3,30517.28
2023-07-12,30523.6,31200.0,30190.4,30916.9,12934158,129341.58,3955291834.037,1,30538.2,30501.22
2023-07-13,30919.1,31855.4,30720.0,31245.8,20332185,203321.85,6359202563.484,1,30718.28,30543.28
2023-07-14,31245.8,31277.7,29888.0,30299.9,13828956,138289.56,4207706521.31,1,30716.1,30529.01
2023-07-15,30299.9,30444.6,30053.1,30374.2,4947418,49474.18,1497752968.934,1,30672.08,30527.02
2023-07-16,30374.2,30407.4,29950.1,30179.9,7768177,77681.77,2346756955.597,1,30603.34,30511.23
2023-07-17,30179.9,30290.0,29645.0,29906.1,13698276,136982.76,4104024560.914,1,30401.18,30486.04
2023-07-18,29906,30195.0,29490.8,29954.7,11470923,114709.23,3431755746.052,1,30142.96,30459.82
2023-07-19,29954.7,30418.4,29614.4,29802.3,13609387,136093.87,4087919628.202,1,30043.44,30446.61
2023-07-20,29802.3,29950.0,29550.0,29866.1,8868670,88686.7,2643135065.495,1,29941.82,30410.96
2023-07-21,29866.2,30067.5,29769.0,29901.9,5050941,50509.41,1510843881.264,1,29886.22,30381.14
2023-07-22,29902,29989.0,29618.6,29899.9,5448101,54481.01,1625806129.015,1,29884.98,30322.86
2023-07-23,29899.9,30356.0,28854.5,29098.5,19153433,191534.33,5662630566.837,1,29713.74,30229.19
2023-07-24,29100.9,29344.4,29001.0,29183.3,7290496,72904.96,2126377742.379,1,29589.94,30170.08
2023-07-25,29183.4,29420.0,29100.0,29317.2,6518681,65186.81,1906412016.033,1,29480.16,30116.06
2023-07-26,29317.3,29681.0,29182.6,29291.5,12467934,124679.34,3667629750.387,1,29358.08,30061.23
2023-07-27,29291.4,29544.8,29078.0,29393.2,9368773,93687.73,2742893354.023,1,29256.74,30020.28
2023-07-28,29393.3,29409.0,29201.0,29304.0,4592174,45921.74,1346208070.6,1,29297.84,29968.2
2023-07-29,29303.9,29449.5,29224.2,29345.1,3944944,39449.44,1157404684.162,1,29330.2,29919.92
2023-07-30,29345.1,29540.0,29028.0,29247.6,8852628,88526.28,2596306132.395,1,29316.28,29852.58
2023-07-31,29247.5,29350.0,28566.0,28955.6,13924783,139247.83,4034530684.096,1,29249.1,29774.18
2023-08-01,28955.6,30050.0,28866.1,29328.5,21720152,217201.52,6403154569.522,1,29236.16,29694.76
2023-08-02,29328.4,29433.7,28920.0,29256.9,12867446,128674.46,3751918562.775,1,29226.74,29595.32
2023-08-03,29256.9,29381.3,29090.7,29271.2,7835166,78351.66,2290090024.164,1,29211.96,29543.88
2023-08-04,29271.2,29285.8,28800.0,29044.7,6470302,64703.02,1879724886.673,1,29171.38,29477.41
2023-08-05,29044.7,29146.0,28992.1,29011.3,2841156,28411.56,825832443.156,1,29182.52,29418.98
2023-08-06,29011.3,29233.0,28790.0,28860.1,8687008,86870.08,2524829519.247,1,29088.84,29366.68
2023-08-07,28859.9,29675.0,28700.0,29536.0,15753992,157539.92,4609866052.822,1,29144.66,29345.75
2023-08-08,29536.1,30258.0,29534.7,29760.1,17633919,176339.19,5261975203.119,1,29242.44,29343.64
2023-08-09,29760.2,29776.6,29380.0,29468.0,11360607,113606.07,3357667083.662,1,29327.1,29323.73
2023-08-10,29468,29569.0,29323.0,29398.1,6671964,66719.64,1964014907.321,1,29404.46,29298.54
2023-08-11,29398.1,29463.0,29242.4,29442.7,3586449,35864.49,1054031160.881,1,29520.98,29275.68
2023-08-12,29442.7,29489.0,29362.3,29377.5,2297512,22975.12,675788972.941,1,29489.28,29289.63
2023-08-13,29377.4,29679.9,29093.1,29607.7,10940274,109402.74,3216282707.029,1,29458.8,29310.85
2023-08-14,29607.7,29697.5,29250.0,29334.0,8139436,81394.36,2395069151.764,1,29432.0,29311.69
2023-08-15,29334,29375.7,29040.4,29107.2,8276117,82761.17,2415579551.565,1,29373.82,29302.48
2023-08-16,29106.1,29239.6,27860.5,27930.7,24844656,248446.56,7098470286.286,1,29071.42,29229.35
2023-08-17,27928.1,28087.0,24098.6,26001.7,34256882,342568.82,9126027868.062,1,28396.26,29064.23
2023-08-18,26001.7,26318.0,25588.0,26206.4,12883577,128835.77,3347062473.948,1,27716.0,28907.3
2023-08-19,26206,26273.2,25960.5,26105.4,5899109,58991.09,1540643291.075,1,27070.28,28750.19
2023-08-20,26105.3,26300.0,25801.0,25939.5,9104397,91043.97,2371529127.725,1,26436.74,28599.38
2023-08-21,25939.5,26266.0,25910.0,25939.3,6118639,61186.39,1594378612.243,1,26038.46,28429.92
2023-08-22,25938.3,26190.0,25300.0,26143.0,17259547,172595.47,4472915662.086,1,26066.72,28274.23
2023-08-23,26143,26825.0,25988.9,26004.0,16003564,160035.64,4227823461.88,1,26026.24,28110.87
2023-08-24,26004.9,26319.1,25780.0,25930.2,11746841,117468.41,3060026677.767,1,25991.2,27955.14
2023-08-25,25930,26130.0,25830.0,26053.5,3912527,39125.27,1017665653.605,1,26014.0,27807.25
2023-08-26,26053.4,26185.0,25964.3,26126.0,2723083,27230.83,709841568.418,1,26051.34,27670.55
2023-08-27,26126,26255.7,25859.6,26104.1,8073853,80738.53,2103422390.402,1,26043.56,27498.96
2023-08-28,26104.2,27700.0,25915.0,27419.9,21363820,213638.2,5719588606.376,1,26326.74,27381.94
2023-08-29,27419.8,28176.1,26996.0,27207.5,20936330,209363.3,5779067755.584,1,26582.2,27268.92
2023-08-30,27207.5,27600.0,26785.0,26919.3,10118850,101188.5,2751033152.95,1,26755.36,27144.98
2023-08-31,26919.4,26925.4,25548.2,25811.0,20398578,203985.78,5333329511.364,1,26692.36,26963.4
2023-09-01,25810.9,25985.0,25325.0,25892.1,9319155,93191.55,2395822211.775,1,26649.96,26789.12
2023-09-02,25892.1,26085.0,25765.0,25868.5,4646987,46469.87,1203702544.462,1,26339.68,26602.16
2023-09-03,25868.5,26140.0,25722.0,25816.6,7317928,73179.28,1896943848.071,1,26061.5,26426.3
2023-09-04,25816.5,25951.0,25550.0,25761.8,9161030,91610.3,2359508109.875,1,25830.0,26259.02
2023-09-05,25761.9,25865.0,25535.0,25589.6,5297921,52979.21,1362421342.928,1,25785.72,26141.97
2023-09-06,25589.6,26059.9,25355.0,25784.2,10369461,103694.61,2667211184.383,1,25764.14,26131.1
2023-09-07,25784.2,26449.6,25638.6,25843.9,14860978,148609.78,3874439545.901,1,25759.22,26112.97
2023-09-08,25843.9,25944.3,25721.1,25890.1,3171238,31712.38,819906707.447,1,25773.92,26102.2
2023-09-09,25890,25950.0,25711.5,25776.2,3465974,34659.74,895345168.722,1,25776.8,26094.04
2023-09-10,25776.2,26050.0,24930.0,25110.2,18825004,188250.04,4801343829.077,1,25680.92,26052.58
2023-09-11,25110.2,26403.9,24881.0,26207.9,22253459,222534.59,5728490521.41,1,25765.66,26055.83
2023-09-12,26207.9,26600.0,25759.5,26244.0,16526035,165260.35,4313233855.158,1,25845.68,26067.83
2023-09-13,26244.1,26808.8,26043.5,26694.7,15667941,156679.41,4136611933.984,1,26006.6,26106.06
2023-09-14,26694.7,26882.4,26222.2,26324.0,10003706,100037.06,2653744885.791,1,26116.16,26119.58
2023-09-15,26324.1,26899.0,26315.3,26510.0,7955151,79551.51,2114366218.801,1,26396.12,26138.78
2023-09-16,26510,26632.7,26415.0,26548.1,3656951,36569.51,970494767.531,1,26464.16,26160.98
2023-09-17,26548.2,27415.0,26367.7,27267.7,15015912,150159.12,4042316622.463,1,26668.9,26153.37
2023-09-18,27267.6,27498.0,26619.4,27427.6,19084631,190846.31,5161336907.458,1,26815.48,26164.38
2023-09-19,27427.7,27488.0,26937.7,27180.5,11583858,115838.58,3145353995.094,1,26986.78,26177.44
2023-09-20,27180.5,27300.0,26375.0,26585.0,15734256,157342.56,4224376069.794,1,27001.78,26216.14
2023-09-21,26585.1,26745.9,26460.1,26635.0,7190745,71907.45,1914358810.513,1,27019.16,26253.28
2023-09-22,26635,26648.6,26486.0,26578.1,3125898,31258.98,830545116.138,1,26881.24,26288.76
2023-09-23,26578,26636.0,26546.1,26578.4,1775922,17759.22,472149205.948,1,26711.4,26326.85
2023-09-24,26578.5,26741.1,25980.5,26243.8,12607623,126076.23,3310900892.23,1,26524.06,26350.95
2023-09-25,26243.8,26445.5,26083.5,26126.4,7938867,79388.67,2085822715.137,1,26432.34,26377.79
2023-09-26,26126.4,26849.0,26093.8,26305.2,14269935,142699.35,3771240233.129,1,26366.38,26403.84
2023-09-27,26305.3,27090.0,26106.0,27028.3,13709462,137094.62,3639989438.966,1,26456.42,26463.06
2023-09-28,27028.3,27327.4,26650.0,26888.9,15592129,155921.29,4211935491.797,1,26518.52,26513.0
2023-09-29,26888.9,27093.8,26745.5,26994.2,3913807,39138.07,1053790872.277,1,26668.6,26573.9
2023-09-30,26994.1,27294.5,26939.1,27144.3,4615894,46158.94,1251511613.52,1,26872.18,26675.6
2023-09-30,26994.1,27294.5,26939.1,27144.3,4615894,46158.94,1251511613.52,1,27040.0,26722.42
2023-10-01,27144.3,28607.8,27027.2,28026.9,20050799,200507.99,5627974417.183,1,27239.72,26811.57
2023-10-01,27144.3,28607.8,27027.2,28026.9,20050799,200507.99,5627974417.183,1,27467.32,26878.18
2023-10-02,28026.9,28126.8,27222.0,27345.3,14868926,148689.26,4109374726.815,1,27537.54,26929.25
2023-10-02,28026.9,28126.8,27222.0,27345.3,14868926,148689.26,4109374726.815,1,27577.74,26971.01
2023-10-03,27345.3,27650.0,27150.9,27405.2,9484680,94846.8,2600350937.327,1,27629.92,27013.86
2023-10-03,27345.3,27650.0,27150.9,27405.2,9484680,94846.8,2600350937.327,1,27505.58,27020.74
2023-10-04,27405.2,28131.9,27382.8,27550.6,15507011,155070.11,4304391250.655,1,27410.32,27026.89
2023-10-04,27405.2,28131.9,27382.8,27550.6,15507011,155070.11,4304391250.655,1,27451.38,27045.4
2023-10-05,27550.6,28058.0,27169.1,27940.1,15792512,157925.12,4354306762.709,1,27570.34,27113.15
2023-10-05,27550.6,28058.0,27169.1,27940.1,15792512,157925.12,4354306762.709,1,27677.32,27178.4
2023-10-06,27940.2,28333.0,27785.3,27945.1,7770781,77707.81,2173263910.378,1,27785.3,27246.75
2023-10-06,27940.2,28333.0,27785.3,27945.1,7770781,77707.81,2173263910.378,1,27864.2,27315.09
2023-10-07,27945.1,28096.8,27676.0,27900.0,7148545,71485.45,1994862364.035,1,27934.08,27397.9
2023-10-07,27945.1,28096.8,27676.0,27900.0,7148545,71485.45,1994862364.035,1,27926.06,27486.58
2023-10-08,27900,27995.0,27370.0,27447.3,9895313,98953.13,2737802082.182,1,27827.5,27543.68
2023-10-08,27900,27995.0,27370.0,27447.3,9895313,98953.13,2737802082.182,1,27727.94,27564.64
2023-10-09,27447.4,27748.7,27260.0,27407.5,11210601,112106.01,3084622171.262,1,27620.42,27590.56
2023-10-09,27447.4,27748.7,27260.0,27407.5,11210601,112106.01,3084622171.262,1,27521.92,27611.23
2023-10-10,27407.4,27517.6,26690.3,26780.1,15458325,154583.25,4196574664.477,1,27297.94,27593.02
2023-10-10,27407.4,27517.6,26690.3,26780.1,15458325,154583.25,4196574664.477,1,27164.5,27574.81
2023-10-11,26780.1,26948.0,26531.1,26677.7,10572646,105726.46,2828160610.368,1,27010.58,27507.35
2023-10-11,26780.1,26948.0,26531.1,26677.7,10572646,105726.46,2828160610.368,1,26864.62,27439.89
2023-10-12,26677.7,26980.0,26545.5,26707.5,8575639,85756.39,2296682099.741,1,26724.62,27408.0
2023-10-12,26677.7,26980.0,26545.5,26707.5,8575639,85756.39,2296682099.741,1,26710.1,27376.11
2023-10-13,26707.5,27130.0,26681.0,26945.0,6181512,61815.12,1662921082.795,1,26743.08,27353.1
2023-10-13,26707.5,27130.0,26681.0,26945.0,6181512,61815.12,1662921082.795,1,26796.54,27330.09
2023-10-14,26944.9,26971.8,26774.1,26895.4,2917465,29174.65,784150498.73,1,26840.08,27297.33
2023-10-14,26944.9,26971.8,26774.1,26895.4,2917465,29174.65,784150498.73,1,26877.66,27264.57
2023-10-15,26895.5,30680.0,26889.0,28069.1,34644193,346441.93,9750889483.37,1,27149.98,27271.02
2023-10-15,26895.5,30680.0,26889.0,28069.1,34644193,346441.93,9750889483.37,1,27374.8,27277.47
2023-10-16,28069.1,28820.0,28063.8,28459.7,16329924,163299.24,4634424618.131,1,27677.74,27303.2
2023-10-16,28069.1,28820.0,28063.8,28459.7,16329924,163299.24,4634424618.131,1,27990.6,27328.93
2023-10-17,28459.8,29000.0,28132.0,28247.0,13596336,135963.36,3876414471.818,1,28260.92,27346.28
2023-10-17,28459.8,29000.0,28132.0,28247.0,13596336,135963.36,3876414471.818,1,28296.5,27363.63
2023-10-18,28246.9,28823.0,28092.4,28677.4,11817391,118173.91,3361182716.481,1,28418.16,27425.14
2023-10-18,28246.9,28823.0,28092.4,28677.4,11817391,118173.91,3361182716.481,1,28461.7,27486.64
2023-10-19,28677.5,30279.8,28450.0,29554.7,26941794,269417.94,7903872442.278,1,28680.7,27594.0
2023-10-19,28677.5,30279.8,28450.0,29554.7,26941794,269417.94,7903872442.278,1,28942.24,27701.36
2023-10-20,29554.7,29993.5,29314.0,29930.9,8247322,82473.22,2447049566.4,1,29279.02,27858.9
2023-10-20,29554.7,29993.5,29314.0,29930.9,8247322,82473.22,2447049566.4,1,29529.72,28016.44
2023-10-21,29930.8,30399.5,29626.5,29830.9,11503053,115030.53,3449891778.611,1,29760.42,28174.1
2023-10-21,29930.8,30399.5,29626.5,29830.9,11503053,115030.53,3449891778.611,1,29815.66,28331.76
2023-10-22,29830.9,30988.0,29716.2,30878.3,20726270,207262.7,6324856809.595,1,30080.38,28540.3
2023-10-22,29830.9,30988.0,29716.2,30878.3,20726270,207262.7,6324856809.595,1,30269.86,28748.84
2023-10-23,30878.2,35998.0,30609.9,33681.8,55993406,559934.06,18680707888.98,1,31020.04,29085.68
2023-10-23,30878.2,35998.0,30609.9,33681.8,55993406,559934.06,18680707888.98,1,31790.22,29422.52
2023-10-24,33681.7,35066.0,33380.0,34843.6,21085540,210855.4,7204038253.224,1,32792.76,29819.93
2023-10-24,33681.7,35066.0,33380.0,34843.6,21085540,210855.4,7204038253.224,1,33585.82,30217.34
2023-10-25,34843.6,35160.0,33840.2,34050.4,16099797,160997.97,5547925984.84,1,34220.24,30516.4
2023-10-25,34843.6,35160.0,33840.2,34050.4,16099797,160997.97,5547925984.84,1,34293.96,30815.47
2023-10-26,34050.4,34288.8,33746.2,33999.0,9973119,99731.19,3394495299.959,1,34357.4,31092.44
2023-10-26,34050.4,34288.8,33746.2,33999.0,9973119,99731.19,3394495299.959,1,34188.48,31369.4
2023-10-27,33999,34557.7,33350.0,34199.4,9208802,92088.02,3126171827.609,1,34059.64,31667.02
2023-10-27,33999,34557.7,33350.0,34199.4,9208802,92088.02,3126171827.609,1,34089.44,31964.64
2023-10-28,34199.5,34560.0,33929.2,34439.3,5304595,53045.95,1816177648.082,1,34167.22,32252.73
2023-10-28,34199.5,34560.0,33929.2,34439.3,5304595,53045.95,1816177648.082,1,34255.28,32540.83
2023-10-29,34440.2,34882.2,34101.5,34660.4,11175614,111756.14,3858294027.396,1,34387.56,32796.12
2023-10-29,34440.2,34882.2,34101.5,34660.4,11175614,111756.14,3858294027.396,1,34479.76,33051.4
2023-10-30,34660.4,34660.4,34004.7,34271.8,10946223,109462.23,3756760153.906,1,34494.24,33268.44
2023-10-30,34660.4,34660.4,34004.7,34271.8,10946223,109462.23,3756760153.906,1,34460.74,33485.49
2023-10-31,34271.8,35230.7,34051.0,34283.6,13125382,131253.82,4535585977.003,1,34429.6,33708.12
2023-10-31,34271.8,35230.7,34051.0,34283.6,13125382,131253.82,4535585977.003,1,34354.24,33930.76
2023-11-01,34283.5,35996.4,34273.9,34634.9,20647206,206472.06,7259653814.61,1,34349.14,34118.59
2023-11-01,34283.5,35996.4,34273.9,34634.9,20647206,206472.06,7259653814.61,1,34421.76,34306.42
2023-11-02,34634.8,35098.9,34123.0,34753.3,14781913,147819.13,5106876380.614,1,34518.06,34360.0
2023-11-02,34634.8,35098.9,34123.0,34753.3,14781913,147819.13,5106876380.614,1,34612.0,34413.57
2023-11-03,34756.1,35079.4,34320.0,34713.6,7086275,70862.75,2457170047.714,1,34698.0,34407.07
2023-11-03,34756.1,35079.4,34320.0,34713.6,7086275,70862.75,2457170047.714,1,34713.74,34400.57
2023-11-04,34713.7,35331.5,34688.0,34890.1,7382799,73827.99,2587664510.442,1,34764.78,34442.56
2023-11-04,34713.7,35331.5,34688.0,34890.1,7382799,73827.99,2587664510.442,1,34792.14,34484.54
2023-11-05,34890,35432.8,34388.0,35079.0,11309488,113094.88,3958973641.717,1,34857.28,34538.54
2023-11-05,34890,35432.8,34388.0,35079.0,11309488,113094.88,3958973641.717,1,34930.36,34592.54
2023-11-06,35079,35149.5,34516.5,34726.1,7766791,77667.91,2704988367.911,1,34932.86,34618.88
2023-11-06,35079,35149.5,34516.5,34726.1,7766791,77667.91,2704988367.911,1,34900.06,34645.21
2023-11-07,34726.2,35915.0,34560.0,35224.1,12552977,125529.77,4434286185.331,1,34966.86,34684.45
2023-11-07,34726.2,35915.0,34560.0,35224.1,12552977,125529.77,4434286185.331,1,34995.88,34723.69
2023-11-08,35224,38129.5,35185.0,37130.1,31170871,311708.71,11413709239.543,1,35406.1,34847.18
2023-11-08,35224,38129.5,35185.0,37130.1,31170871,311708.71,11413709239.543,1,35886.9,34970.66
2023-11-09,37130.1,37260.0,35518.8,37080.0,20092668,200926.68,7355006087.842,1,36357.68,35111.07
2023-11-09,37130.1,37260.0,35518.8,37080.0,20092668,200926.68,7355006087.842,1,36728.86,35251.48
2023-11-10,37080.1,37572.3,36901.9,37050.0,7626564,76265.64,2836276940.721,1,37094.04,35389.8
2023-11-10,37080.1,37572.3,36901.9,37050.0,7626564,76265.64,2836276940.721,1,37078.02,35528.12
2023-11-11,37050.1,37232.2,36613.0,37158.7,5099275,50992.75,1887627979.019,1,37083.74,35654.31
2023-11-11,37050.1,37232.2,36613.0,37158.7,5099275,50992.75,1887627979.019,1,37099.48,35780.5
2023-11-12,37158.7,37455.5,36530.0,36850.0,8290071,82900.71,3063376785.315,1,37053.48,35885.34
2023-11-12,37158.7,37455.5,36530.0,36850.0,8290071,82900.71,3063376785.315,1,37013.48,35990.17
2023-11-13,36850,37042.0,35725.0,36152.6,12453147,124531.47,4541161404.565,1,36834.0,36062.12
2023-11-13,36850,37042.0,35725.0,36152.6,12453147,124531.47,4541161404.565,1,36632.78,36134.07
2023-11-14,36152.7,36433.8,34455.0,36406.8,14589390,145893.9,5211282786.203,1,36482.4,36209.9
2023-11-14,36152.7,36433.8,34455.0,36406.8,14589390,145893.9,5211282786.203,1,36393.76,36285.74
2023-11-15,36407.9,37983.2,36210.0,36398.4,21916215,219162.15,8150953394.963,1,36303.44,36351.71
2023-11-15,36407.9,37983.2,36210.0,36398.4,21916215,219162.15,8150953394.963,1,36352.6,36417.68
2023-11-16,36399.9,36674.0,35490.0,36049.9,14416057,144160.57,5218366566.856,1,36332.06,36483.87
2023-11-16,36399.9,36674.0,35490.0,36049.9,14416057,144160.57,5218366566.856,1,36260.68,36550.06
2023-11-17,36049.9,36940.0,35902.0,36662.3,7494975,74949.75,2730041516.792,1,36311.78,36621.97
2023-11-17,36049.9,36940.0,35902.0,36662.3,7494975,74949.75,2730041516.792,1,36364.56,36693.88
2023-11-18,36662.3,36859.1,36384.1,36574.0,4522126,45221.26,1653869395.888,1,36399.68,36666.07
2023-11-18,36662.3,36859.1,36384.1,36574.0,4522126,45221.26,1653869395.888,1,36504.5,36638.27
2023-11-19,36574.1,37516.7,36516.0,37460.0,10723556,107235.56,3982855062.912,1,36786.52,36657.27
2023-11-19,36574.1,37516.7,36516.0,37460.0,10723556,107235.56,3982855062.912,1,36946.06,36676.27
2023-11-20,37460,37770.0,36222.7,36973.9,17320795,173207.95,6424915702.26,1,37008.38,36672.47
2023-11-20,37460,37770.0,36222.7,36973.9,17320795,173207.95,6424915702.26,1,37088.36,36668.66
2023-11-21,36972.5,37531.9,35603.8,36485.8,16646561,166465.61,6089421934.805,1,37070.72,36635.02
2023-11-21,36972.5,37531.9,35603.8,36485.8,16646561,166465.61,6089421934.805,1,36875.88,36601.37
2023-11-22,36484.7,37878.0,36372.0,36945.0,12299664,122996.64,4585424320.572,1,36772.88,36606.12
2023-11-22,36484.7,37878.0,36372.0,36945.0,12299664,122996.64,4585424320.572,1,36767.1,36610.87
2023-11-23,36945.1,38437.2,36920.0,38220.0,12900814,129008.14,4867137569.452,1,37016.32,36714.24
2023-11-23,36945.1,38437.2,36920.0,38220.0,12900814,129008.14,4867137569.452,1,37363.16,36817.61
2023-11-24,38220.1,38347.2,37549.1,37702.4,6864359,68643.59,2594472194.462,1,37606.48,36882.39
2023-11-24,38220.1,38347.2,37549.1,37702.4,6864359,68643.59,2594472194.462,1,37757.96,36947.17
2023-11-25,37702.4,37890.0,37250.0,37432.7,4686535,46865.35,1761863440.78,1,37855.5,36998.88
2023-11-25,37702.4,37890.0,37250.0,37432.7,4686535,46865.35,1761863440.78,1,37698.04,37050.6
2023-11-26,37432.6,37763.0,36730.0,36763.3,11169578,111695.78,4156889507.897,1,37406.7,37086.27
2023-11-26,37432.6,37763.0,36730.0,36763.3,11169578,111695.78,4156889507.897,1,37218.88,37121.94
2023-11-27,36763.3,37591.5,36711.7,37516.2,8989994,89899.94,3339593477.346,1,37181.64,37164.64
2023-11-27,36763.3,37591.5,36711.7,37516.2,8989994,89899.94,3339593477.346,1,37198.34,37207.33
2023-11-28,37516.2,38504.0,37516.2,37823.1,17697812,176978.12,6726485778.549,1,37276.42,37269.78
2023-11-28,37516.2,38504.0,37516.2,37823.1,17697812,176978.12,6726485778.549,1,37488.38,37332.24
2023-11-29,37824,38139.7,37411.0,37622.0,9747265,97472.65,3681565287.776,1,37660.12,37340.34
2023-11-29,37824,38139.7,37411.0,37622.0,9747265,97472.65,3681565287.776,1,37681.28,37348.44
2023-11-30,37622,38862.0,37532.5,38409.9,12428307,124283.07,4755080125,1,37860.02,37420.24
2023-11-30,37622,38862.0,37532.5,38409.9,12428307,124283.07,4755080125,1,37977.38,37492.04
2023-12-01,38409.9,39000.0,38391.8,38804.0,7098931,70989.31,2751489938.661,1,38173.56,37607.95
2023-12-01,38409.9,39000.0,38391.8,38804.0,7098931,70989.31,2751489938.661,1,38409.96,37723.86
2023-12-02,38804.1,39900.0,38700.0,39767.7,11409819,114098.19,4497725249.713,1,38839.1,37865.0
2023-12-02,38804.1,39900.0,38700.0,39767.7,11409819,114098.19,4497725249.713,1,39110.66,38006.13
2023-12-03,39767.7,42170.8,39428.7,41269.3,25114875,251148.75,10313513220.289,1,39682.54,38158.6
2023-12-03,39767.7,42170.8,39428.7,41269.3,25114875,251148.75,10313513220.289,1,40175.6,38311.06
2023-12-04,41269.3,42520.3,41174.4,42266.0,14851976,148519.76,6218922139.008,1,40868.0,38539.24
2023-12-04,41269.3,42520.3,41174.4,42266.0,14851976,148519.76,6218922139.008,1,41367.66,38767.42
2023-12-05,42265.9,44547.4,42130.0,43788.2,28558823,285588.23,12473925664.69,1,42171.76,39085.2
2023-12-05,42265.9,44547.4,42130.0,43788.2,28558823,285588.23,12473925664.69,1,42675.54,39402.97
2023-12-06,43788.3,44156.3,42850.0,43682.9,14586937,145869.37,6353501778.623,1,43158.26,39748.95
2023-12-06,43788.3,44156.3,42850.0,43682.9,14586937,145869.37,6353501778.623,1,43441.64,40094.93
2023-12-07,43682.9,44069.4,43081.0,43768.2,12192073,121920.73,5304749580.424,1,43742.08,40407.53
2023-12-07,43682.9,44069.4,43081.0,43768.2,12192073,121920.73,5304749580.424,1,43738.08,40720.13
2023-12-08,43768.3,44747.0,43642.5,44055.0,10404691,104046.91,4588498365.933,1,43791.44,41031.72
2023-12-08,43768.3,44747.0,43642.5,44055.0,10404691,104046.91,4588498365.933,1,43865.86,41343.32
2023-12-09,44055,44117.0,43500.0,43917.3,5881811,58818.11,2578436898.208,1,43912.74,41658.08
2023-12-09,44055,44117.0,43500.0,43917.3,5881811,58818.11,2578436898.208,1,43942.56,41972.85
2023-12-10,43917.4,44075.4,40200.0,41817.1,20941898,209418.98,8859906219.996,1,43552.34,42143.21
2023-12-10,43917.4,44075.4,40200.0,41817.1,20941898,209418.98,8859906219.996,1,43104.76,42313.57
2023-12-11,41817.2,42116.0,40228.0,41360.1,20689297,206892.97,8559743550.086,1,42565.78,42441.38
2023-12-11,41817.2,42116.0,40228.0,41360.1,20689297,206892.97,8559743550.086,1,42054.34,42569.18
2023-12-12,41360,41958.9,40518.8,41941.0,14324745,143247.45,5901531501.481,1,41659.08,42677.84
2023-12-12,41360,41958.9,40518.8,41941.0,14324745,143247.45,5901531501.481,1,41683.86,42786.51
2023-12-13,41942,43525.5,41216.1,42444.4,20019988,200199.88,8527102856.418,1,41809.32,42845.26
2023-12-13,41942,43525.5,41216.1,42444.4,20019988,200199.88,8527102856.418,1,42026.18,42904.02
2023-12-14,42444.5,43445.5,41652.0,41898.0,13696618,136966.18,5848020710,1,42133.76,42885.62
2023-12-14,42444.5,43445.5,41652.0,41898.0,13696618,136966.18,5848020710,1,42125.16,42867.22
2023-12-15,41897.9,42612.0,41600.0,42606.7,7812310,78123.1,3293400885.873,1,42258.3,42808.14
2023-12-15,41897.9,42612.0,41600.0,42606.7,7812310,78123.1,3293400885.873,1,42290.76,42749.07
2023-12-16,42606.8,42729.0,41500.0,41820.4,7470610,74706.1,3141472854.483,1,42165.96,42655.94
2023-12-16,42606.8,42729.0,41500.0,41820.4,7470610,74706.1,3141472854.483,1,42150.44,42562.82
2023-12-17,41820.5,42446.4,40555.0,41268.2,15071794,150717.94,6235024231.942,1,42024.48,42437.82
2023-12-17,41820.5,42446.4,40555.0,41268.2,15071794,150717.94,6235024231.942,1,41756.78,42312.82
2023-12-18,41268.2,43500.0,41154.0,42491.1,14769802,147698.02,6291051369.204,1,41733.66,42234.62
2023-12-18,41268.2,43500.0,41154.0,42491.1,14769802,147698.02,6291051369.204,1,41867.8,42156.43
2023-12-19,42491.2,44341.5,41813.0,44059.9,15712557,157125.57,6758598003.151,1,42315.7,42163.56
2023-12-19,42491.2,44341.5,41813.0,44059.9,15712557,157125.57,6758598003.151,1,42874.04,42170.69
2023-12-20,44059.9,44278.3,43235.9,43827.4,15052800,150528,6588669628.44,1,43385.88,42271.2
2023-12-20,44059.9,44278.3,43235.9,43827.4,15052800,150528,6588669628.44,1,43653.14,42371.72
2023-12-21,43827.3,44444.0,43377.6,43675.8,11703028,117030.28,5127875512.361,1,43890.08,42487.5
2023-12-21,43827.3,44444.0,43377.6,43675.8,11703028,117030.28,5127875512.361,1,43813.26,42603.29
2023-12-22,43675.8,44076.2,43268.9,43760.9,6275564,62755.64,2741142349.872,1,43753.46,42694.28
2023-12-22,43675.8,44076.2,43268.9,43760.9,6275564,62755.64,2741142349.872,1,43740.16,42785.28
2023-12-23,43760.9,43968.0,43407.0,43691.1,4859421,48594.21,2123739406.148,1,43712.9,42847.62
2023-12-23,43760.9,43968.0,43407.0,43691.1,4859421,48594.21,2123739406.148,1,43715.96,42909.95
2023-12-24,43691.1,43835.0,42506.0,43650.3,8834856,88348.56,3822564021.092,1,43710.86,42997.56
2023-12-24,43691.1,43835.0,42506.0,43650.3,8834856,88348.56,3822564021.092,1,43688.74,43085.18
2023-12-25,43652.4,43753.6,42104.1,42402.1,10190140,101901.4,4375665645.654,1,43416.98,43074.95
2023-12-25,43652.4,43753.6,42104.1,42402.1,10190140,101901.4,4375665645.654,1,43159.18,43064.72
2023-12-26,42402.2,43250.0,41625.0,42994.1,11751799,117517.99,5000060143.955,1,43019.78,43123.4
2023-12-26,42402.2,43250.0,41625.0,42994.1,11751799,117517.99,5000060143.955,1,42888.54,43182.09
2023-12-27,42995.9,43826.5,42419.0,42460.0,11549004,115490.04,4980496194.785,1,42650.48,43241.68
2023-12-27,42995.9,43826.5,42419.0,42460.0,11549004,115490.04,4980496194.785,1,42662.06,43301.27
2023-12-28,42460,43141.2,42107.9,42272.2,11771418,117714.18,5012105367.322,1,42636.08,43290.32
2023-12-28,42460,43141.2,42107.9,42272.2,11771418,117714.18,5012105367.322,1,42491.7,43279.38
2023-12-29,42272.3,42433.2,41234.6,42374.1,11215649,112156.49,4707831963.235,1,42367.7,43195.09
2023-12-30,42374.1,42918.0,41967.2,42469.9,7759786,77597.86,3293470565.065,1,42369.68,43115.59
2023-12-31,42469.9,42869.7,42080.0,42799.8,6817824,68178.24,2900600285.392,1,42437.64,43064.21
2024-01-01,42800,45900.0,42675.0,45195.7,19496388,194963.88,8754843957.304,1,43022.34,43132.62
2024-01-02,45195.7,45535.5,40183.9,42973.8,25150980,251509.8,10941646545.654,1,43162.66,43097.52
2024-01-03,42976.9,44366.0,41700.0,44058.0,15945174,159451.74,6872050318.694,1,43499.44,43116.63
2024-01-04,44058.1,45063.2,42249.4,43502.0,17148586,171485.86,7519898584.507,1,43705.86,43103.69
2024-01-05,43501.9,44434.5,43071.6,43866.8,7621973,76219.73,3333759107.968,1,43919.26,43108.98
2024-01-06,43866.8,44489.3,43616.9,44054.1,6053910,60539.1,2667897055.046,1,43690.94,43127.13
2024-01-07,44054,45492.0,43173.9,44972.0,15457991,154579.91,6843485585.169,1,44090.58,43191.18
2024-01-08,44971.9,47358.0,44787.4,46865.3,20774583,207745.83,9663567702.029,1,44652.04,43351.93
2024-01-09,46865.3,48515.9,44289.0,45557.1,21677989,216779.89,9930605378.756,1,45063.06,43447.27
2024-01-10,45557.1,49000.0,44755.9,46795.8,32713607,327136.07,15279041934.182,1,45648.86,43666.96
2024-01-11,46795.7,47036.0,44350.0,44474.7,17105057,171050.57,7851718439.212,1,45732.98,43770.58
2024-01-12,44474.6,44698.0,41275.9,43157.3,19535662,195356.62,8430141297.314,1,45370.04,43778.74
2024-01-13,43157.3,43193.3,42561.0,42897.8,5158653,51586.53,2211074365.593,1,44576.54,43773.93
2024-01-14,42897.9,43020.0,41718.0,42280.0,9585493,95854.93,4070279515.681,1,43921.12,43764.93
2024-01-15,42280,43388.0,42042.1,43256.2,11062526,110625.26,4735466688.135,1,43213.2,43804.74
2024-01-16,43256.2,43604.1,42361.1,42483.1,9025543,90255.43,3872035977.561,1,42814.88,43815.28
2024-01-17,42483,42928.0,42207.0,42627.8,7034914,70349.14,2998124062.136,1,42708.98,43833.06
2024-01-18,42627.8,42627.8,40676.0,40907.9,16011658,160116.58,6622818092.929,1,42311.0,43759.76
2024-01-19,40904.2,42195.0,40244.0,41574.8,10587452,105874.52,4374743769.144,1,42169.96,43715.0
2024-01-20,41574.8,41888.0,41530.4,41658.1,3285053,32850.53,1370430683.458,1,41850.34,43657.92
2024-01-21,41658.1,41824.5,40345.8,40779.9,13013469,130134.69,5331244740.38,1,41509.7,43437.12
2024-01-22,40780,40887.5,38550.6,39202.1,21423123,214231.23,8482294221.726,1,40824.56,43248.54
2024-01-23,39202.1,40572.6,38924.2,40053.9,12671656,126716.56,5040481203.846,1,40653.76,43048.34
2024-01-24,40053.8,40321.9,39510.0,39805.6,8728063,87280.63,3487494053.715,1,40299.92,42863.52
2024-01-25,39805.7,41600.0,39555.0,41418.4,13740728,137407.28,5574839833.9,1,40251.98,42741.1
2024-01-26,41420.1,42245.0,41376.0,41820.0,7662439,76624.39,3204492263.337,1,40460.0,42629.39
2024-01-27,41819.9,42849.6,41727.2,42264.5,7616852,76168.52,3226006020.808,1,41072.48,42494.02
2024-01-28,42264.6,42656.2,41615.0,42649.9,8818613,88186.13,3714326945.359,1,41591.68,42283.24
2024-01-29,42649.8,43908.5,42518.7,43383.2,12083104,120831.04,5231509837.335,1,42307.2,42174.55
2024-01-30,43383.2,43775.0,42358.1,43362.1,11065409,110654.09,4756943334.956,1,42695.94,42002.86
2024-01-31,43362,43767.3,41880.0,42512.2,13584880,135848.8,5788819225.356,1,42834.38,41904.74
2024-02-01,42512.2,43440.0,42358.3,43232.3,10393061,103930.61,4466925061.119,1,43027.94,41908.49
2024-02-02,43232.2,43494.4,42766.0,43120.4,5028904,50289.04,2168482366.213,1,43122.04,41919.62
2024-02-03,43120.4,43275.3,42723.0,42937.3,4247002,42470.02,1825663147.345,1,43032.86,41952.48
2024-02-04,42937.4,43575.0,42150.0,42640.2,10950738,109507.38,4697054873.775,1,42888.48,41921.68
2024-02-05,42641.5,43287.7,42320.1,43253.8,9132626,91326.26,3908244842.621,1,43036.8,41960.22
2024-02-06,43253.8,43399.5,42788.0,43068.3,7023192,70231.92,3025827376.177,1,43004.0,41982.24
2024-02-07,43068.4,45470.0,43006.5,45434.1,14351087,143510.87,6376651991.487,1,43466.74,42208.56
2024-02-08,45434.2,48000.0,44900.5,47159.3,18984493,189844.93,8821931759.334,1,44311.14,42487.78
2024-02-09,47159.4,48244.4,46842.6,47346.1,8975859,89758.59,4256631096.516,1,45252.32,42772.18
2024-02-10,47346.1,48628.0,47160.0,48159.4,9168227,91682.27,4406357309.569,1,46233.44,43141.16
2024-02-11,48159.5,49984.0,47707.0,49938.9,13426865,134268.65,6517629073.588,1,47607.56,43678.0
2024-02-12,49938.8,50438.8,48370.4,48748.5,17485737,174857.37,8682037884.878,1,48270.44,44112.72
2024-02-13,48748.6,52099.1,48282.0,51613.0,18256269,182562.69,9237912209.277,1,49161.18,44703.1
2024-02-14,51613,52881.3,51188.8,51941.4,15403832,154038.32,8019539488.733,1,50080.24,45229.24
2024-02-15,51941.5,52598.4,51323.1,51895.2,12474143,124741.43,6486859037.411,1,50827.4,45733.0
2024-02-16,51895.2,52263.0,50621.0,50980.0,9148332,91483.32,4715585089.22,1,51035.62,46168.78
2024-02-17,50980,52091.6,50734.4,51784.0,7956579,79565.79,4105592123.02,1,51642.72,46625.48
2024-02-18,51784,52498.5,51607.9,52134.6,7619526,76195.26,3974927765.011,1,51747.04,47063.06
2024-02-19,52134.6,53080.0,51281.2,51670.8,14705287,147052.87,7652740113.214,1,51692.92,47478.49
2024-02-20,51670.8,52545.8,50470.0,51164.2,13965497,139654.97,7186610448.522,1,51546.72,47911.09
2024-02-21,51164.2,52060.0,50670.0,51601.6,10870160,108701.6,5591630462.749,1,51671.04,48329.56
2024-02-22,51600.2,52108.3,50777.0,50916.4,10257630,102576.3,5258250687.694,1,51497.52,48719.36
2024-02-23,50915.8,51200.0,50533.0,51110.1,5088210,50882.1,2592148931.088,1,51292.62,49128.0
2024-02-24,51110.1,51921.0,51107.3,51530.0,5091940,50919.4,2627247359.606,1,51264.46,49572.48
2024-02-25,51529.9,52853.8,50907.0,52849.2,8471551,84715.51,4379405662.846,1,51601.46,50052.26
2024-02-26,52849.1,57641.4,52759.7,56757.8,25682025,256820.25,14286090449.123,1,52632.7,50736.73
2024-02-27,56757.9,61453.3,56199.0,60998.3,25021766,250217.66,14707390680.421,1,54649.08,51514.94
2024-02-28,60998.4,64480.3,58627.9,62787.2,34485817,344858.17,21339844667.858,1,56984.5,52296.34
2024-02-29,62787.3,62920.1,60414.1,61305.3,15809982,158099.82,9742721798.329,1,58939.56,52994.3
2024-03-01,61305.3,63150.0,61264.2,61799.3,8637391,86373.91,5364515761.928,1,60729.58,53676.29
2024-03-02,61799.3,62710.0,61333.0,62175.4,6631369,66313.69,4109124261.179,1,61813.1,54288.12
2024-03-03,62175.5,66649.0,62120.1,66465.6,18281332,182813.32,11776393399.261,1,62906.56,55173.97
2024-03-04,66463.3,69333.0,64900.0,66793.1,27411631,274116.31,18457491747.369,1,63707.74,55932.98
2024-03-05,66795.5,67688.9,58900.0,66512.0,36286225,362862.25,23460138501.25,1,64749.08,56661.5
2024-03-06,66514.2,67959.0,65556.9,67244.2,13254275,132542.75,8843240901.706,1,65838.06,57428.95
2024-03-07,67244.2,70286.2,66720.6,67635.0,13930439,139304.39,9461389516.943,1,66929.98,58261.7
2024-03-08,67635,69398.6,66066.0,68291.3,10594994,105949.94,7202420488.17,1,67295.12,59087.07
2024-03-09,68291.3,69974.0,68007.2,69187.9,8181123,81811.23,5664768715.64,1,67774.08,59939.74
2024-03-10,69188,72688.0,66900.0,71986.3,18585859,185858.59,13090911976.257,1,68868.94,60955.51
2024-03-11,71986.3,73389.9,70754.9,71752.1,13843697,138436.97,9975387356.794,1,69770.52,61984.91
2024-03-12,71752.2,73672.0,68580.0,72613.3,19365613,193656.13,13873234722.475,1,70766.18,63035.49
2024-03-13,72613.3,73856.0,70567.1,70857.3,14089294,140892.94,10216907691.633,1,71279.38,64032.54
2024-03-14,70857.4,72442.3,65588.7,68166.3,34234829,342348.29,23576551245.939,1,71075.06,64885.34
2024-03-15,68166.2,70716.0,67366.0,68383.9,14038848,140388.48,9655204549.316,1,70354.58,65728.04
2024-03-16,68383.9,68432.5,64555.0,67978.0,19051682,190516.82,12663991819.214,1,69599.76,66484.48
2024-03-17,67978.1,69006.9,66621.9,67461.9,15230539,152305.39,10339036496.227,1,68569.48,67019.68
2024-03-18,67462,68144.5,62376.8,64048.5,28207486,282074.86,18313759214.982,1,67207.72,67172.19
2024-03-19,64054.1,65762.4,60766.1,63608.8,25810676,258106.76,16293857799.683,1,66296.22,67213.27
2024-03-20,63608.9,68264.4,62028.8,66577.6,21418494,214184.94,14160569441.526,1,65934.96,67476.89
2024-03-21,66577.5,67035.6,62501.2,63898.0,18446611,184466.11,11971095863.226,1,65118.96,67581.82
2024-03-22,63898,65450.0,62171.2,65097.9,11806704,118067.04,7550690026.734,1,64646.16,67727.95
2024-03-23,65097.9,66026.4,63777.0,65685.0,9284770,92847.7,6033828375.675,1,64973.46,67688.92
2024-03-24,65684.9,70090.8,64595.6,69797.9,16045575,160455.75,10817032753.495,1,66211.28,67839.16
2024-03-25,69798,71606.5,69282.0,70260.1,15884672,158846.72,11191724578.128,1,66947.78,68026.56
2024-03-26,70262.6,71842.0,68567.4,68887.9,14409011,144090.11,10094889161.376,1,67945.76,68108.75
2024-03-27,68887.9,71587.3,68389.0,71310.0,12675529,126755.29,8879720464.744,1,69188.18,68292.5
2024-03-28,71310,71350.0,69016.5,69202.1,8734652,87346.52,6136851003.993,1,69891.6,68338.04
2024-03-29,69202.2,70347.1,69111.0,70028.1,4953435,49534.35,3459866757.778,1,69937.64,68380.05
2024-03-30,70028,70773.4,69560.4,70407.9,4989448,49894.48,3503342337.813,1,69967.2,68301.13
2024-03-31,70407.9,71444.0,68166.1,68244.6,12550378,125503.78,8766396330.53,1,69838.54,68125.76
2024-04-01,68244.5,69951.4,64570.0,64889.6,21493251,214932.51,14351177048.157,1,68554.46,67739.57
2024-04-02,64889.6,66931.4,64425.0,65846.5,13535039,135350.39,8912067095.288,1,67883.34,67489.03
2024-04-03,65848.3,67945.0,65070.6,67650.0,10054121,100541.21,6677127261.974,1,67407.72,67463.22
2024-04-04,67650,69353.2,65931.4,68208.7,16367429,163674.29,11073554550.655,1,66967.88,67454.45
2024-04-05,68208.7,68400.0,67312.4,68113.6,5491162,54911.62,3724764093.605,1,66941.68,67461.24
2024-04-06,68113.6,69899.4,67945.2,69570.0,6768880,67688.8,4684154240.371,1,67877.76,67566.64
2024-04-07,69569.9,72846.2,68850.3,71784.9,14963082,149630.82,10622137402.205,1,69065.44,67953.46
2024-04-08,71784.9,72122.0,68513.0,69274.8,14201353,142013.53,10006853316.61,1,69390.4,68236.76
2024-04-09,69274.7,69626.0,67507.5,68658.0,12723440,127234.4,8735527952.463,1,69480.26,68340.78
2024-04-10,68658,71323.7,68561.0,70000.7,14350872,143508.72,10078102968.369,1,69857.68,68645.92
2024-04-11,70000.7,71255.2,69220.0,69336.0,9511701,95117.01,6685661895.559,1,69810.88,68857.82
2024-04-12,69336.1,69580.0,64800.1,67671.9,17707730,177077.3,11909008530.353,1,68988.28,68957.17
2024-04-13,67671,67767.7,59666.0,64187.3,27542637,275426.37,17567669279.998,1,67970.78,68676.64
2024-04-14,64187.3,66865.8,62572.3,64574.3,17184729,171847.29,11178962053.072,1,67154.04,68392.34
2024-04-15,64577.4,64892.5,61555.0,61768.9,20788434,207884.34,13090566849.482,1,65507.68,68036.4
2024-04-16,61768.8,64540.7,59853.0,60299.9,20455468,204554.68,12767006763.868,1,63700.46,67485.89
2024-04-17,60300,64155.0,59602.2,63500.0,20231108,202311.08,12507327477.425,1,62866.08,67200.78
2024-04-18,63500,65442.1,59568.0,64443.4,26314402,263144.02,16584495609.604,1,62917.3,66921.55
2024-04-19,64443.4,64977.2,62944.5,64800.1,10520578,105205.78,6727661641.422,1,62962.46,66641.16
2024-04-20,64800.1,65717.3,64443.0,65041.4,7869252,78692.52,5117147531.834,1,63616.96,66481.0
2024-04-21,65041.4,66497.4,64223.1,65996.8,11565802,115658.02,7570304046.796,1,64756.34,66536.36
2024-04-22,65996.7,67258.6,65810.0,66415.0,10787693,107876.93,7177218534.275,1,65339.34,66564.78
2024-04-23,66416,67089.0,64500.0,64625.9,9743629,97436.29,6433859319.192,1,65375.84,66413.58
2024-04-24,64623.9,65134.5,62762.6,64123.0,13789579.7,137895.797,8822836722.5278,1,65240.42,66209.3
2024-04-25,64123.1,65321.4,63340.8,63497.8,10795376.2,107953.762,6945365751.3393,1,64931.7,65978.5
2024-04-26,63497.7,64171.0,62355.8,62955.9,7628547.1,76285.471,4824334686.6812,1,64323.52,65647.8
2024-04-26,63497.7,64171.0,62355.8,62955.9,7628547.1,76285.471,4824334686.6812,1,63631.7,65206.35
2024-04-27,62955.9,64400.0,62740.0,63535.4,6054874.7,60548.747,3849449230.9052,1,63413.6,64919.38
2024-04-27,62955.9,64400.0,62740.0,63535.4,6054874.7,60548.747,3849449230.9052,1,63296.08,64663.25
2024-04-28,63535.5,63984.6,61787.6,63038.2,10192285.9,101922.859,6386570493.2894,1,63204.16,64315.12
2024-04-28,63535.5,63984.6,61787.6,63038.2,10192285.9,101922.859,6386570493.2894,1,63220.62,64000.24
2024-04-29,63038.3,64746.1,60555.2,60786.0,15994763.3,159947.633,9990172965.9275,1,62786.64,63655.94
2024-04-29,63038.3,64746.1,60555.2,60786.0,15994763.3,159947.633,9990172965.9275,1,62236.76,63485.88
2024-04-30,60786,61074.3,56528.8,56885.0,23668604,236686.04,13886198122.6675,1,60906.68,63101.41
2024-04-30,60786,61074.3,56528.8,56885.0,23668604,236686.04,13886198122.6675,1,59676.04,62857.22
2024-05-01,56885.1,59500.0,56617.1,59270.1,20683823,206838.23,12009470227.0024,1,58922.42,62805.72
2024-05-01,56885.1,59500.0,56617.1,59270.1,20683823,206838.23,12009470227.0024,1,58619.24,62594.23
2024-05-02,59270.2,62137.5,58638.1,61685.8,15094270.5,150942.705,9076540515.6237,1,58799.2,62456.35
2024-05-02,59270.2,62137.5,58638.1,61685.8,15094270.5,150942.705,9076540515.6237,1,59759.36,62300.63
2024-05-03,61685.9,64539.1,61531.4,63615.0,12543015.9,125430.159,7912249743.5529,1,61105.36,62229.31
2024-05-03,61685.9,64539.1,61531.4,63615.0,12543015.9,125430.159,7912249743.5529,1,61974.34,62110.22
2024-05-04,63615.1,64666.0,62863.6,64421.8,7978802.1,79788.021,5084279268.9613,1,63004.68,62010.56
2024-05-04,63615.1,64666.0,62863.6,64421.8,7978802.1,79788.021,5084279268.9613,1,63551.88,62000.36
2024-05-05,64421.8,65534.9,62914.6,63641.2,13436817.9,134368.179,8622889877.3089,1,63942.96,61976.27
2024-05-05,64421.8,65534.9,62914.6,63641.2,13436817.9,134368.179,8622889877.3089,1,63948.2,61983.44
2024-05-06,63641.3,64418.8,62685.0,63734.3,11588104.5,115881.045,7368195305.0709,1,63972.06,62022.36
2024-05-06,63641.3,64418.8,62685.0,63734.3,11588104.5,115881.045,7368195305.0709,1,63834.56,62061.28
2024-05-07,63734.2,63893.6,61790.0,62281.0,10965262.8,109652.628,6858335204.3557,1,63406.4,61998.56
2024-05-07,63734.2,63893.6,61790.0,62281.0,10965262.8,109652.628,6858335204.3557,1,63134.36,61935.84
2024-05-08,62281.1,62768.0,60630.6,62155.6,10468843.2,104688.432,6441789498.591,1,62837.24,61891.71
2024-05-08,62281.1,62768.0,60630.6,62155.6,10468843.2,104688.432,6441789498.591,1,62521.5,61847.58
2024-05-09,62155.7,63475.0,60666.7,60920.8,12652519.5,126525.195,7884767076.017,1,61958.8,61854.32
2024-05-09,62155.7,63475.0,60666.7,60920.8,12652519.5,126525.195,7884767076.017,1,61686.76,61861.06
2024-05-10,60920.1,61535.8,60161.2,61183.0,7998753.4,79987.534,4862208414.1657,1,61467.16,62075.96
2024-05-10,60920.1,61535.8,60161.2,61183.0,7998753.4,79987.534,4862208414.1657,1,61272.64,62290.86
2024-05-11,61183.5,61577.8,60601.0,61419.9,3859719.1,38597.191,2357104542.8099,1,61125.5,62398.35
2024-05-11,61183.5,61577.8,60601.0,61419.9,3859719.1,38597.191,2357104542.8099,1,61225.32,62505.84
2024-05-12,61420,63322.0,60756.0,63018.7,12349505.3,123495.053,7665203329.098,1,61644.9,62572.48
2024-05-12,61420,63322.0,60756.0,63018.7,12349505.3,123495.053,7665203329.098,1,62012.04,62639.13
2024-05-13,63018.7,63470.0,61103.8,61772.2,12700137.7,127001.377,7895620322.8096,1,62129.88,62546.99
2024-05-13,63018.7,63470.0,61103.8,61772.2,12700137.7,127001.377,7895620322.8096,1,62200.34,62454.85
2024-05-14,61772.3,65088.0,61150.0,64723.0,13429373.3,134293.733,8471219864.7961,1,62860.96,62469.91
2024-05-14,61772.3,65088.0,61150.0,64723.0,13429373.3,134293.733,8471219864.7961,1,63201.82,62484.97
2024-05-15,64723.1,66799.0,64722.0,65830.1,12231718.8,122317.188,8061850885.4835,1,63764.1,62594.42
2024-05-15,64723.1,66799.0,64722.0,65830.1,12231718.8,122317.188,8061850885.4835,1,64575.68,62703.86
2024-05-16,65830.2,67460.0,64600.0,67200.0,10370702.9,103707.029,6837806969.5083,1,65661.24,62877.14
2024-05-16,65830.2,67460.0,64600.0,67200.0,10370702.9,103707.029,6837806969.5083,1,66156.64,63050.43
2024-05-17,67200,67398.3,66216.1,66803.5,6042414.5,60424.145,4042957926.1988,1,66572.74,63276.56
2024-05-17,67200,67398.3,66216.1,66803.5,6042414.5,60424.145,4042957926.1988,1,66767.42,63502.68
2024-05-18,66803.5,67794.0,66666.0,66895.2,5407262.3,54072.623,3628470230.2503,1,66980.44,63739.66
2024-05-18,66803.5,67794.0,66666.0,66895.2,5407262.3,54072.623,3628470230.2503,1,66919.48,63976.64
2024-05-19,66895.2,67528.6,65887.0,67418.0,8717766.5,87177.665,5821026607.4196,1,66963.08,64301.5
2024-05-19,66895.2,67528.6,65887.0,67418.0,8717766.5,87177.665,5821026607.4196,1,67085.98,64626.36
2024-05-20,67418.1,72086.0,67381.1,69837.9,18690160.1,186901.601,13099340011.1256,1,67692.86,65059.1
2024-05-20,67418.1,72086.0,67381.1,69837.9,18690160.1,186901.601,13099340011.1256,1,68281.4,65491.85
2024-05-21,69838,70627.4,69180.0,70458.3,8758306,87583.06,6120108983.2802,1,68994.02,65943.77
2024-05-21,69838,70627.4,69180.0,70458.3,8758306,87583.06,6120108983.2802,1,69602.08,66395.69
2024-05-22,70458.4,70691.2,67572.7,68073.4,10476284.8,104762.848,7242627933.5674,1,69733.16,66648.42
2024-05-22,70458.4,70691.2,67572.7,68073.4,10476284.8,104762.848,7242627933.5674,1,69380.26,66901.16
2024-05-23,68073.5,68427.6,66242.5,68324.5,11477572,114775.72,7745757530.9676,1,69077.58,67228.77
2024-05-23,68073.5,68427.6,66242.5,68324.5,11477572,114775.72,7745757530.9676,1,68650.82,67556.39
2024-05-24,68324.4,69664.7,67896.7,68921.7,5558444.8,55584.448,3828642078.7643,1,68343.5,67766.32
2024-05-24,68324.4,69664.7,67896.7,68921.7,5558444.8,55584.448,3828642078.7643,1,68513.16,67976.26
2024-05-25,68921.7,69580.3,68666.1,68850.5,3489002.7,34890.027,2411209741.3437,1,68668.58,68127.28
2024-05-25,68921.7,69580.3,68666.1,68850.5,3489002.7,34890.027,2411209741.3437,1,68773.78,68278.3
2024-05-26,68850.5,70584.5,68153.8,70408.2,6357118.3,63571.183,4388173031.3548,1,69190.52,68438.71
2024-05-26,68850.5,70584.5,68153.8,70408.2,6357118.3,63571.183,4388173031.3548,1,69487.82,68599.12
2024-05-27,70408.2,70740.0,67488.2,68396.3,9948385.6,99483.856,6828774278.1966,1,69382.74,68678.76
2024-05-27,70408.2,70740.0,67488.2,68396.3,9948385.6,99483.856,6828774278.1966,1,69291.9,68758.4
2024-05-28,68396.4,68953.6,67250.0,67383.4,8531397.8,85313.978,5806825221.4816,1,68998.48,68782.81
2024-05-28,68396.4,68953.6,67250.0,67383.4,8531397.8,85313.978,5806825221.4816,1,68393.52,68807.22
2024-05-29,67383.4,68835.6,67126.7,68527.9,7988523.2,79885.232,5424232635.2652,1,68017.46,68862.72
2024-05-29,67383.4,68835.6,67126.7,68527.9,7988523.2,79885.232,5424232635.2652,1,68043.78,68918.21
2024-05-30,68527.9,69523.9,67200.4,67219.7,8236768.1,82367.681,5633096833.619,1,67808.46,68787.3
2024-05-30,68527.9,69523.9,67200.4,67219.7,8236768.1,82367.681,5633096833.619,1,67775.72,68656.39
2024-05-31,67219.6,68026.2,66639.0,67688.6,4289513.6,42895.136,2893369494.7952,1,67836.76,68517.9
2024-05-31,67219.6,68026.2,66639.0,67688.6,4289513.6,42895.136,2893369494.7952,1,67668.9,68379.42
2024-06-01,67688.5,68497.0,67380.0,68164.7,3408715.6,34087.156,2314863295.2548,1,67596.26,68383.98
2024-06-01,67688.5,68497.0,67380.0,68164.7,3408715.6,34087.156,2314863295.2548,1,67785.26,68388.55
2024-06-02,68164.8,70338.3,67300.3,69622.4,9489873.6,94898.736,6537146316.8665,1,68265.8,68453.44
2024-06-02,68164.8,70338.3,67300.3,69622.4,9489873.6,94898.736,6537146316.8665,1,68652.56,68518.34
2024-06-03,69622.5,70498.8,68572.3,70448.6,7662559.1,76625.591,5313037763.2787,1,69204.56,68594.68
2024-06-03,69622.5,70498.8,68572.3,70448.6,7662559.1,76625.591,5313037763.2787,1,69661.34,68671.03
2024-06-04,70448.7,71764.7,70100.0,71574.5,9259410.9,92594.109,6563804301.2337,1,70343.3,68807.23
2024-06-04,70448.7,71764.7,70100.0,71574.5,9259410.9,92594.109,6563804301.2337,1,70733.72,68943.43
2024-06-05,71574.6,71777.0,70600.0,71300.0,6029871.9,60298.719,4294090814.6662,1,71069.24,68988.02
2024-06-05,71574.6,71777.0,70600.0,71300.0,6029871.9,60298.719,4294090814.6662,1,71239.52,69032.61
2024-06-06,71299.9,72021.7,70117.4,71117.2,9240518.6,92405.186,6573354170.0145,1,71373.24,69168.66
2024-06-06,71299.9,72021.7,70117.4,71117.2,9240518.6,92405.186,6573354170.0145,1,71281.78,69304.7
2024-06-07,71117.2,71225.0,68300.0,69423.5,7953741.8,79537.418,5526314010.0865,1,70851.58,69406.7
2024-06-07,71117.2,71225.0,68300.0,69423.5,7953741.8,79537.418,5526314010.0865,1,70476.28,69508.71
2024-06-08,69423.6,69784.9,69128.5,69508.5,2497095.9,24970.959,1733465841.8865,1,70117.98,69557.74
2024-06-08,69423.6,69784.9,69128.5,69508.5,2497095.9,24970.959,1733465841.8865,1,69796.24,69606.77
2024-06-09,69508.4,70185.1,69133.0,70048.8,3952751,39527.51,2751147410.1133,1,69582.56,69748.23
2024-06-09,69508.4,70185.1,69133.0,70048.8,3952751,39527.51,2751147410.1133,1,69707.62,69889.68
2024-06-10,70048.7,70125.0,65910.3,66229.4,11907265.7,119072.657,8076410325.2315,1,69068.8,69816.72
2024-06-10,70048.7,70125.0,65910.3,66229.4,11907265.7,119072.657,8076410325.2315,1,68412.98,69743.76
2024-06-11,66229.4,70027.8,66159.0,69740.5,9987725,99877.25,6812995108.6387,1,68459.38,69822.55
2024-06-11,66229.4,70027.8,66159.0,69740.5,9987725,99877.25,6812995108.6387,1,68397.72,69901.34
2024-06-12,69740.6,69890.4,66302.2,66470.1,13824356.2,138243.562,9402809621.5257,1,67681.98,69743.73
2024-06-12,69740.6,69890.4,66302.2,66470.1,13824356.2,138243.562,9402809621.5257,1,67730.12,69586.11
2024-06-13,66470.2,67377.4,66262.8,66392.6,6741955.4,67419.554,4507753478.7783,1,67762.76,69383.31
2024-06-13,66470.2,67377.4,66262.8,66392.6,6741955.4,67419.554,4507753478.7783,1,67093.18,69180.51
2024-06-14,66392.7,66656.6,65066.0,66327.1,7192919.7,71929.197,4737397105.4165,1,66410.5,68918.14
2024-06-14,66392.7,66656.6,65066.0,66327.1,7192919.7,71929.197,4737397105.4165,1,66381.9,68655.77
2024-06-15,66327.3,66783.8,65860.1,66704.2,2880146.5,28801.465,1911556783.6339,1,66428.72,68425.98
2024-06-15,66327.3,66783.8,65860.1,66704.2,2880146.5,28801.465,1911556783.6339,1,66491.04,68196.19
2024-06-16,66704.1,66988.0,65126.1,65365.3,7275703.9,72757.039,4802741605.8425,1,66285.58,67908.6
2024-06-16,66704.1,66988.0,65126.1,65365.3,7275703.9,72757.039,4802741605.8425,1,66093.22,67621.0
2024-06-17,65365.2,67320.0,64158.0,64698.7,16412954.4,164129.544,10753622066.993,1,65767.54,67384.76
2024-06-17,65365.2,67320.0,64158.0,64698.7,16412954.4,164129.544,10753622066.993,1,65366.44,67148.52
2024-06-18,64699.8,65729.2,64022.0,64934.9,8682299.4,86822.994,5646330070.8693,1,65012.58,66919.84
2024-06-18,64699.8,65729.2,64022.0,64934.9,8682299.4,86822.994,5646330070.8693,1,64926.5,66691.16
2024-06-19,64934.8,66485.0,64616.2,64828.6,9146821.9,91468.219,5984618385.7686,1,64819.16,66430.15
2024-06-19,64934.8,66485.0,64616.2,64828.6,9146821.9,91468.219,5984618385.7686,1,64845.14,66169.14
2024-06-20,64828.7,65233.0,63360.0,63726.7,10408832.9,104088.329,6688520546.9072,1,64650.74,66044.0
2024-06-20,64828.7,65233.0,63360.0,63726.7,10408832.9,104088.329,6688520546.9072,1,64409.1,65918.87
2024-06-21,63726.6,64539.8,63458.8,64308.5,4358996.9,43589.969,2796390382.5899,1,64283.82,65647.27
2024-06-21,63726.6,64539.8,63458.8,64308.5,4358996.9,43589.969,2796390382.5899,1,64179.8,65375.67
2024-06-22,64308.5,64529.6,64070.1,64103.5,1968322.5,19683.225,1266230902.4467,1,64034.78,65257.34
2024-06-22,64308.5,64529.6,64070.1,64103.5,1968322.5,19683.225,1266230902.4467,1,64110.14,65139.01
2024-06-23,64103.5,64196.4,60600.0,60853.1,13958734.6,139587.346,8679649158.4483,1,63535.42,64862.04
2024-06-23,64103.5,64196.4,60600.0,60853.1,13958734.6,139587.346,8679649158.4483,1,62844.34,64585.06
2024-06-24,60853.2,62150.0,58351.0,61819.6,16865171.1,168651.711,10210487953.1397,1,62346.56,64359.68
2024-06-24,60853.2,62150.0,58351.0,61819.6,16865171.1,168651.711,10210487953.1397,1,61889.78,64134.31
2024-06-25,61819.6,62491.5,61134.0,61480.0,7678314,76783.14,4739839875.1819,1,61365.08,63873.1
2024-06-25,61819.6,62491.5,61134.0,61480.0,7678314,76783.14,4739839875.1819,1,61490.46,63611.89
2024-06-26,61480,62400.0,60620.0,61582.0,8822886.8,88228.868,5409891489.2567,1,61636.24,63422.72
2024-06-26,61480,62400.0,60620.0,61582.0,8822886.8,88228.868,5409891489.2567,1,61588.72,63233.56
2024-06-27,61580.3,62230.0,60755.0,61058.8,7840895.9,78408.959,4823359381.5397,1,61436.56,63051.56
2024-06-27,61580.3,62230.0,60755.0,61058.8,7840895.9,78408.959,4823359381.5397,1,61352.32,62869.57
2024-06-28,61058.8,61227.5,60050.0,61115.0,5806672.4,58066.724,3526452414.7012,1,61279.32,62678.58
2024-06-28,61058.8,61227.5,60050.0,61115.0,5806672.4,58066.724,3526452414.7012,1,61185.92,62487.58
2024-06-29,61114.9,61878.8,60709.9,61720.0,4498210.9,44982.109,2759271738.1927,1,61213.52,62332.15
2024-06-29,61114.9,61878.8,60709.9,61720.0,4498210.9,44982.109,2759271738.1927,1,61345.76,62176.72
2024-06-30,61720,63840.0,61580.0,63126.3,9255188.8,92551.888,5819498128.0355,1,61759.26,62146.7
2024-06-30,61720,63840.0,61580.0,63126.3,9255188.8,92551.888,5819498128.0355,1,62161.52,62116.68
2024-07-01,63126.3,63866.0,61836.9,61958.4,8765702.3,87657.023,5507280680.7588,1,62330.2,61999.18
2024-07-01,63126.3,63866.0,61836.9,61958.4,8765702.3,87657.023,5507280680.7588,1,62377.88,61881.67
2024-07-02,61958.5,62375.0,59531.3,60187.1,12398107,123981.07,7546291286.4393,1,62071.3,61685.85
2024-07-02,61958.5,62375.0,59531.3,60187.1,12398107,123981.07,7546291286.4393,1,61483.46,61490.03
2024-07-03,60187.2,60664.8,56758.0,58140.1,19073867.4,190738.674,11146414317.0544,1,60486.22,61354.38
2024-07-03,60187.2,60664.8,56758.0,58140.1,19073867.4,190738.674,11146414317.0544,1,59722.56,61218.73
2024-07-04,58140.2,58821.8,53222.3,56678.3,26484417.1,264844.171,14773857129.44,1,58666.54,60961.66
2024-07-04,58140.2,58821.8,53222.3,56678.3,26484417.1,264844.171,14773857129.44,1,57964.78,60704.6
2024-07-05,56678.3,57466.4,55820.0,57310.2,8919585.2,89195.852,5050067792.233,1,57389.4,60496.11
2024-07-05,56678.3,57466.4,55820.0,57310.2,8919585.2,89195.852,5050067792.233,1,57223.42,60287.62
2024-07-06,57310.2,58499.8,56568.0,56832.0,8791287.6,87912.876,5068166968.5901,1,56961.8,60050.12
2024-07-06,57310.2,58499.8,56568.0,56832.0,8791287.6,87912.876,5068166968.5901,1,56992.54,59812.62
2024-07-07,56832.1,58226.4,54280.0,55760.2,19290439.1,192904.391,10843685314.0673,1,56808.92,59547.69
2024-07-07,56832.1,58226.4,54280.0,55760.2,19290439.1,192904.391,10843685314.0673,1,56498.92,59282.76
2024-07-08,55760.2,58143.0,55417.7,57470.5,11745094.6,117450.946,6697576055.9353,1,56530.98,59100.54
2024-07-08,55760.2,58143.0,55417.7,57470.5,11745094.6,117450.946,6697576055.9353,1,56658.68,58918.31
2024-07-09,57470.5,59481.7,57328.1,57700.0,11682346.9,116823.469,6809009795.0195,1,56832.28,58717.31
2024-07-09,57470.5,59481.7,57328.1,57700.0,11682346.9,116823.469,6809009795.0195,1,57220.24,58516.31
2024-07-10,57700.1,59671.5,57001.2,57405.8,12021522.2,120215.222,6987791898.391,1,57549.36,58230.28
2024-07-10,57700.1,59671.5,57001.2,57405.8,12021522.2,120215.222,6987791898.391,1,57536.42,57944.26
2024-07-11,57405.7,58273.9,56535.5,58206.1,9353724.3,93537.243,5364626156.165,1,57683.54,57756.64
2024-07-11,57405.7,58273.9,56535.5,58206.1,9353724.3,93537.243,5364626156.165,1,57784.76,57569.03
2024-07-12,58206.1,58926.9,57155.1,58844.1,7291427.7,72914.277,4242960413.3906,1,58013.58,57501.88
2024-07-12,58206.1,58926.9,57155.1,58844.1,7291427.7,72914.277,4242960413.3906,1,58301.24,57434.73
2024-07-13,58844.1,60419.1,58238.2,60088.0,9379499.8,93794.998,5593651333.9514,1,58837.68,57532.12
2024-07-13,58844.1,60419.1,58238.2,60088.0,9379499.8,93794.998,5593651333.9514,1,59214.06,57629.52
2024-07-14,60087.9,63330.0,59864.5,63019.1,13055757.8,130557.578,8104444375.3348,1,60176.66,57946.56
2024-07-14,60087.9,63330.0,59864.5,63019.1,13055757.8,130557.578,8104444375.3348,1,61011.66,58263.6
2024-07-15,63019.1,65000.0,62375.0,64881.8,18402707.2,184027.072,11740438348.6714,1,62219.2,58642.18
2024-07-15,63019.1,65000.0,62375.0,64881.8,18402707.2,184027.072,11740438348.6714,1,63177.96,59020.76
2024-07-16,64881.9,66149.4,64110.6,64740.8,13370471.4,133704.714,8707130538.4169,1,64108.52,59416.2
2024-07-16,64881.9,66149.4,64110.6,64740.8,13370471.4,133704.714,8707130538.4169,1,64452.86,59811.64
2024-07-17,64740.8,65155.3,63400.0,63545.0,10095735,100957.35,6501577146.4502,1,64558.04,60200.88
2024-07-17,64740.8,65155.3,63400.0,63545.0,10095735,100957.35,6501577146.4502,1,64290.68,60590.12
2024-07-18,63545.1,65900.0,63232.6,65838.9,11398002.3,113980.023,7335222881.0092,1,64482.1,61008.54
2024-07-18,63545.1,65900.0,63232.6,65838.9,11398002.3,113980.023,7335222881.0092,1,64701.72,61426.96
2024-07-19,65841.5,67423.7,65830.7,66829.4,8472785.2,84727.852,5646743624.7178,1,65119.44,61883.43
2024-07-19,65841.5,67423.7,65830.7,66829.4,8472785.2,84727.852,5646743624.7178,1,65776.32,62339.9
2024-07-20,66829.4,67655.0,66596.0,67164.0,6084405.7,60844.057,4082756946.0094,1,66500.12,62827.81
2024-07-20,66829.4,67655.0,66596.0,67164.0,6084405.7,60844.057,4082756946.0094,1,66765.14,63315.72
2024-07-21,67164.1,68497.9,65769.1,67077.9,11780333.5,117803.335,7936989569.5929,1,67012.94,63759.31
2024-07-21,67164.1,68497.9,65769.1,67077.9,11780333.5,117803.335,7936989569.5929,1,67062.64,64202.9
2024-07-22,67077.9,68278.8,65956.8,66578.8,10981688.2,109816.882,7356316043.9278,1,67012.52,64589.63
2024-07-22,67077.9,68278.8,65956.8,66578.8,10981688.2,109816.882,7356316043.9278,1,66895.48,64976.37
2024-07-23,66575,67126.4,65425.8,66189.1,9719051.4,97190.514,6431388793.7761,1,66700.5,65281.42
2024-07-23,66575,67126.4,65425.8,66189.1,9719051.4,97190.514,6431388793.7761,1,66522.74,65586.48
2024-07-24,66189.2,66713.4,63433.6,64785.9,12915998.7,129159.987,8357692798.8999,1,66064.34,65674.82
2024-07-24,66189.2,66713.4,63433.6,64785.9,12915998.7,129159.987,8357692798.8999,1,65705.76,65763.16
2024-07-25,64786,67999.0,64383.2,67574.4,12299369,122993.69,8188219969.5282,1,65904.88,65897.79
2024-07-26,67574.4,69434.3,67300.0,68874.4,7596023.2,75960.232,5186317088.7576,1,66441.94,66097.42
2024-07-27,68874.4,69233.0,66621.1,67660.4,12988385,129883.85,8824891771.6246,1,66736.2,66243.4
2024-07-28,67660.4,70098.0,67622.2,68100.0,11966905.3,119669.053,8256216368.5844,1,67399.02,66411.36
2024-07-29,68100,68125.9,65534.0,66226.9,12572278.5,125722.785,8388695382.9085,1,67687.22,66545.45
2024-07-30,66226.9,66863.3,65280.0,66379.9,9406336.7,94063.367,6221505774.4388,1,67448.32,66687.2
2024-07-31,66380,66840.0,62654.1,62906.2,15516724.6,155167.246,10018578377.0859,1,66254.68,66540.56
2024-08-01,62906.8,65660.0,62266.8,63410.1,19452840.9,194528.409,12462102501.0873,1,65404.62,66419.12
2024-08-02,63410.1,63607.9,60500.0,60876.0,12327934.3,123279.343,7636201112.2959,1,63959.82,66121.45
2024-08-03,60875.9,61340.2,58925.0,59097.7,12723703.5,127237.035,7685251624.1406,1,62533.98,65734.87
2024-08-04,59097.8,59577.0,48906.7,54320.3,50389481.6,503894.816,27081342492.2965,1,60122.06,65092.68
2024-08-05,54320.2,56622.0,52525.3,56407.8,21808811.4,218088.114,11997130658.6317,1,58822.38,64554.88
2024-08-06,56407.7,57854.9,55555.0,56100.0,15884934.9,158849.349,9008301438.8498,1,57360.36,64005.98
2024-08-07,56100,59541.0,54558.8,59422.0,18469217.2,184692.172,10516670025.1772,1,57069.56,63623.18
2024-08-08,59423,62766.0,59235.0,59820.6,16041183,160411.83,9728697830.0208,1,57214.14,63285.28
2024-08-09,59820.6,61492.8,59728.0,60517.2,6868212,68682.12,4159304228.8404,1,58453.52,62982.19
2024-08-10,60517.2,61951.3,59900.1,60134.5,5939806.4,59398.064,3614574900.8127,1,59198.86,62679.46
2024-08-11,60135.1,60718.8,57610.0,60207.4,16236707.5,162367.075,9587889798.3015,1,60020.34,62380.38
2024-08-12,60207.3,60421.1,58366.0,59469.2,9625271.5,96252.715,5700816353.1396,1,60029.78,62114.55
2024-08-13,59469.2,61847.0,58806.1,59435.5,14242375,142423.75,8616074356.0867,1,59952.76,61847.02
2024-08-14,59435.4,59775.2,57704.1,59671.5,10722511.5,107225.115,6307012350.0295,1,59783.62,61451.88
2024-08-15,59670.5,59861.5,56048.3,58063.9,15314560.9,153145.609,8872838501.4382,1,59369.5,60911.36
2024-08-16,58063.6,59824.9,57991.1,59392.9,6971747.8,69717.478,4123390825.1378,1,59206.6,60497.98
2024-08-17,59393,60297.9,59151.0,59867.0,6634444.5,66344.445,3962867286.6891,1,59286.16,60086.33
2024-08-18,59867,59959.4,57800.0,58535.1,9665038.9,96650.389,5666606446.7875,1,59106.08,59701.74
2024-08-19,58535.1,61434.4,58372.2,58822.1,13810856.6,138108.566,8284775039.2701,1,58936.2,59323.85
2024-08-20,58822.1,60222.0,58500.0,59514.1,10488793.6,104887.936,6229032464.1345,1,59226.24,59154.24
2024-08-21,59514.1,61828.0,59370.6,60406.2,13953509.9,139535.099,8478176656.197,1,59428.9,59004.05
2024-08-22,60406.3,62327.4,60130.0,61528.0,11456439.2,114564.392,7001540531.5117,1,59761.1,59036.65
2024-08-23,61527,65098.5,61317.7,63982.6,12572392.4,125723.924,7991352080.1232,1,60850.6,59280.9
2024-08-24,63982.6,65028.4,63500.0,64133.0,5604934.4,56049.344,3593069116.6631,1,61912.78,59771.53
2024-08-25,64133.1,65043.6,63068.0,63535.0,9162193,91621.93,5854293324.5729,1,62716.96,60127.89
2024-08-26,63535,63890.0,61456.1,61698.6,11970203,119702.03,7501883716.0421,1,62975.44,60407.82
2024-08-27,61698.6,62197.0,57910.1,59003.9,17104615.7,171046.157,10223198655.7944,1,62470.62,60386.92
2024-08-28,59003.8,61169.9,57778.9,60779.9,11740768.2,117407.682,6988947822.0668,1,61830.08,60434.88
2024-08-29,60779.9,60960.0,57924.0,58094.0,12672163.3,126721.633,7510345511.7492,1,60622.28,60313.72
2024-08-30,58095.9,59478.0,57660.1,59017.9,6081813.1,60818.131,3579309101.325,1,59718.86,60257.89
2024-08-31,59017.9,59159.9,57150.1,58220.1,7727422.9,77274.229,4499920760.9269,1,59023.16,60158.52
2024-09-01,58220,58844.0,57111.0,58539.4,10161906.1,101619.061,5892918627.1369,1,58930.26,60112.04
2024-09-02,58539.5,59828.0,57568.0,57721.3,9918929,99189.29,5827754354.7037,1,58318.54,60026.32
2024-09-03,57721.2,58258.0,55555.9,58132.8,14035878.6,140358.786,7999463444.3584,1,58326.3,59949.39
2024-09-04,58132.7,58535.1,55800.0,55973.0,13873131.3,138731.313,7932092707.6045,1,57717.32,59844.84
2024-09-05,55973.1,57048.1,53805.0,54041.5,17665867.1,176658.671,9849805349.1212,1,56881.6,59577.28
2024-09-06,54040.6,54842.3,52522.0,54779.1,11950235.6,119502.356,6434610984.6578,1,56129.54,59322.88
2024-09-07,54779.2,54863.2,53626.1,53688.0,6492847.4,64928.474,3524092537.1115,1,55322.88,59080.52
2024-09-08,53688.1,55798.8,53622.0,55390.0,12064418.2,120644.182,6633184856.193,1,54774.32,58908.92
2024-09-09,55389.9,58161.5,55346.4,56593.0,14379850.4,143798.504,8173568939.7591,1,54898.32,58762.87
2024-09-10,56593.1,58048.6,55555.5,56700.1,15153248.4,151532.484,8597306875.2346,1,55430.04,58577.56
2024-09-11,56700.1,58586.8,56644.0,57511.8,13055949.3,130559.493,7543581005.3208,1,55976.58,58376.75
2024-09-12,57511.8,59732.9,57495.1,59659.9,10891384,108913.84,6350317501.098,1,57170.96,58160.62
2024-09-13,59658.4,60650.0,59315.4,59867.0,8220543.2,82205.432,4931685497.3857,1,58066.36,57947.32
2024-09-14,59865.3,60415.8,59374.2,60336.8,4345508.7,43455.087,2608518461.6428,1,58815.12,57787.41
2024-09-15,60336.8,60350.0,57566.2,57887.8,11869539.6,118695.396,6973955033.4005,1,59052.66,57596.86
2024-09-16,57887.8,61366.0,57450.0,61139.8,13610190.6,136101.906,8054089178.3005,1,59778.26,57703.66
2024-09-17,61139.9,61276.0,59306.1,59434.2,10984731.7,109847.317,6608866540.2239,1,59733.12,57636.38
2024-09-18,59434.2,63528.0,59162.8,63153.4,19937578.6,199375.786,12276527581.6562,1,60390.4,57889.35
2024-09-19,63153.9,64183.2,62574.7,63165.0,13237321.4,132373.214,8382812507.4929,1,60956.04,58096.7
2024-09-20,63164.9,63321.1,62337.9,63167.5,5241500.4,52415.004,3299819172.1019,1,62011.98,58344.07
2024-09-21,63167.6,63600.0,62456.7,62655.4,4634518,46345.18,2918706511.5836,1,62315.1,58549.87
2024-09-22,62655.1,64765.0,62356.0,63626.4,13131012,131310.12,8342810957.8366,1,63153.54,58845.12
2024-09-23,63626.5,63947.0,62712.0,63164.2,8904107.4,89041.074,5638643456.0118,1,63155.7,59096.7
2024-09-24,63164.3,64838.5,63093.7,63500.0,10194701.9,101947.019,6522453050.9332,1,63222.7,59473.05
2024-09-25,63500,65535.9,62666.0,65238.4,13361914.3,133619.143,8562735469.8823,1,63636.88,60032.89
2024-09-26,65239.3,66478.7,64620.0,66004.0,12040112.6,120401.126,7889881316.4355,1,64306.6,60594.13
2024-09-27,66004,66374.9,65421.2,65630.7,5407052.9,54070.529,3560032579.1925,1,64707.46,61191.27
2024-09-28,65630.7,66002.7,65430.0,65762.9,3530107.9,35301.079,2318733081.671,1,65227.2,61709.92
2024-09-29,65763,66100.0,63249.6,63568.9,12416774.5,124167.745,7998724191.7542,1,65240.98,62058.71
2024-09-30,63568.9,64123.4,61800.0,62630.1,13606186,136061.86,8583777200.957,1,64719.32,62355.21
2024-10-01,62630,62786.0,60150.0,61865.5,17520915.4,175209.154,10766115378.9113,1,63891.62,62572.9
2024-10-02,61864,62368.4,59840.8,60642.1,14827609.4,148276.094,9009034305.5398,1,62893.9,62622.0
2024-10-03,60642.1,62016.2,59921.9,61887.0,10869478.8,108694.788,6648634867.9275,1,62118.72,62723.0
2024-10-04,61886.9,62485.5,61648.2,62165.0,5143700.8,51437.008,3196435412.7602,1,61837.94,62814.41
2024-10-05,62165,62787.0,61710.0,62729.2,3882365.6,38823.656,2413793021.0367,1,61857.76,63056.49
2024-10-06,62729.2,64473.2,62300.0,63654.7,10797528.9,107975.289,6844237217.8523,1,62215.6,63182.23
2024-10-07,63654.8,63916.0,61869.2,62281.3,10996218.3,109962.183,6893409041.9134,1,62543.44,63324.58
2024-10-08,62281.3,62623.2,61637.3,62311.7,8048445.2,80484.452,5002499749.2377,1,62628.38,63282.5
2024-10-09,62311.8,62349.1,60300.0,60797.5,10996209.3,109962.093,6707211406.532,1,62354.88,63164.12
2024-10-10,60797.5,62466.0,58924.9,62254.3,13759778.8,137597.788,8344702653.2913,1,62259.9,63118.46
2024-10-11,62254.3,63480.2,62122.4,63166.0,8256635.3,82566.353,5187137813.6178,1,62162.16,63144.0
2024-10-12,63166,63400.0,62050.0,62231.3,4487528.8,44875.288,2816433805.2939,1,62152.16,63074.24
2024-10-13,62231.4,66313.0,62172.8,65892.8,14475951.3,144759.513,9325319130.6708,1,62868.38,63210.67
2024-10-14,65892.8,67990.0,64765.0,66022.6,18021134.6,180211.346,11907219257.4677,1,63913.4,63336.8
2024-10-15,66022.7,68432.5,65979.2,67763.3,15319300.8,153193.008,10310680639.3011,1,65015.2,63463.05
2024-10-16,67763.3,68111.0,66666.0,67583.0,9439905.5,94399.055,6357597600.0881,1,65898.6,63542.0
2024-10-17,67583,68876.0,66713.0,68741.8,10907154.3,109071.543,7403391822.2346,1,67200.7,63697.55
2024-10-18,68741.8,69061.2,68085.0,68223.5,4931258.6,49312.586,3378093270.322,1,67666.84,63820.58
2024-10-19,68223.6,68777.0,68005.3,68635.2,3579684.5,35796.845,2447495156.4044,1,68189.36,64073.9
2024-10-20,68635.2,69572.0,66856.2,67331.0,10820767.5,108207.675,7383014242.7279,1,68102.9,64308.94
2024-10-21,67331.1,67924.5,66566.5,67290.0,11298256.9,112982.569,7601453396.0945,1,68044.3,64580.16
2024-10-22,67290,67842.0,65901.3,66228.7,9327700.5,93277.005,6230439350.4285,1,67541.68,64859.5
2024-10-23,66228.7,67986.0,65226.0,67699.7,12013002.9,120130.029,8026118801.5627,1,67436.92,65150.13
2024-10-24,67699.7,68880.0,67248.3,67685.8,10343039.4,103430.394,7034264445.6287,1,67247.04,65426.17
2024-10-25,67684.8,67900.0,65588.0,66887.9,12080281.6,120802.816,8078074364.9119,1,67158.42,65634.1
2024-10-26,66887.9,67860.0,66788.0,67790.1,3600523.7,36005.237,2424506252.087,1,67258.44,65840.88
2024-10-27,67790,69293.6,67556.0,68497.1,9416165.3,94161.653,6444277167.862,1,67712.12,66151.66
2024-10-28,68496.6,72450.0,68449.9,72410.9,15267774.8,152677.748,10799756703.3522,1,68654.36,66656.62
2024-10-29,72410.9,73760.5,71458.1,72061.3,13613464.4,136134.644,9867626961.9641,1,69529.46,67219.82
2024-10-30,72061.2,72974.0,70450.0,70637.2,10769729.9,107697.299,7731529068.9739,1,70279.32,67638.96
2024-10-31,70637.1,71644.3,68838.2,69393.8,15359838.8,153598.388,10776632194.3288,1,70600.06,67950.35
2024-11-01,69393.8,70529.5,68826.2,69403.2,7264690.8,72646.908,5052339790.0338,1,70781.28,68308.95
2024-11-02,69403.2,69626.0,67462.2,68102.3,8086628.9,80866.289,5531875835.3432,1,69919.56,68419.42
2024-11-03,68102.3,69516.4,67679.3,68636.5,9200219.9,92002.199,6321534774.6652,1,69234.6,68550.12
2024-11-04,68636.5,70350.6,66811.7,69638.0,12414820.4,124148.204,8507070178.156,1,69034.76,68643.85
2024-11-05,69638,75488.0,68680.0,74296.1,28867727.2,288677.272,21047380842.446,1,70015.22,68979.5
